"Id","Name","Overview","Backdrop Path","Poster Path"
"10","Star Wars Collection","An epic space-opera theatrical film series, which depicts the adventures of various characters ""a long time ago in a galaxy far, far away….""","/d8duYyyC9J5T825Hg7grmaabfxQ.jpg","/gq5Wi7i4SF3lo4HHkJasDV95xI9.jpg"
"119","The Lord of the Rings Collection","The Lord of the Rings trilogy consists of three epic fantasy films, based on the influential novels written by J. R. R. Tolkien, directed by Peter Jackson.","/bccR2CGTWVVSZAG0yqmy3DIvhTX.jpg","/oENY593nKRVL2PnxXsMtlh8izb4.jpg"
"230","The Godfather Collection","Francis Ford Coppola’s trilogy films about the everyday life of a New York mafia family. With its star-studded cast these films would go down in history as some of the greatest Hollywood has ever produced.","/3WZTxpgscsmoUk81TuECXdFOD0R.jpg","/zqV8MGXfpLZiFVObLxpAI7wWonJ.jpg"
"263","The Dark Knight Collection","A superhero film series based on the DC Comics character Batman. Centered on Bruce Wayne, a billionaire dedicating his life to fight crime in his home, Gotham City, as a masked vigilante known as Batman.","/xfKot7lqaiW4XpL5TtDlVBA9ei9.jpg","/hGvOMQBD88jAV0olS2DT1AxreHn.jpg"
"264","Back to the Future Collection","An American science fiction–comedy film series that follows the adventures of a high school student, Marty McFly and an eccentric scientist, Dr Emmett L. Brown as they use a DeLorean time machine to time travel to different periods in the history of Hill Valley, California.","/AqQotqj7XOI6GjB28nhMMa8YzOT.jpg","/5Xsu2o5IsZRuuxCEVZ9nVve21FP.jpg"
"295","Pirates of the Caribbean Collection","A series of fantasy swashbuckler films based on Walt Disney's theme park ride of the same name. The films follow the adventures of Captain Jack Sparrow and take place in a fictional historical setting; a world ruled by the British Empire, the East India Trading Company and the Spanish Empire, with pirates representing freedom from the ruling powers.","/wxgD3fB5lQ2sGJLog0rvXW049Pf.jpg","/zRBaZxS5YauLvRYjAdL4AUCwlht.jpg"
"304","Ocean's Collection","The Ocean's Collection is a star-studded film series about a group of professional robbers who get together to pull off some mind-boggling heists.","/7WUSrq8DqSkVgv1vmhBvav5bPoB.jpg","/oHUHccvraYF8lYp6BxRoujRtH8Q.jpg"
"328","Jurassic Park Collection","An American science fiction adventure film series based on the novel of the same name by Michael Crichton. The films center on the fictional Isla Nublar near Costa Rica in the Central American Pacific Coast, where a billionaire philanthropist and a small team of genetic scientists have created an amusement park of cloned dinosaurs.","/njFixYzIxX8jsn6KMSEtAzi4avi.jpg","/jcUXVtJ6s0NG0EaxllQCAUtqdr0.jpg"
"399","Predator Collection","A science fiction action film series centered on a warrior class extraterrestrial species with technologically advanced weaponry that travel to Earth to trophy hunt human beings.","/fXVzk9OxQwROCuiWvd0Cv76qmZi.jpg","/mm2t5dd1QFxtX6X56Z9U5ucsIb1.jpg"
"420","The Chronicles of Narnia Collection","Modern theatrical film productions based on the book series «The Chronicles of Narnia» by C. S. Lewis.","/ojjzZUQlqKTsN1T7s5OAVZSjYMH.jpg","/sh6Kn8VBfXotJ6qsvJkdfscxXKR.jpg"
"528","The Terminator Collection","A series of science-fiction films about the futuristic conflict between the humans led by John Connor and the Terminators that are made and controlled by Skynet, a self-aware super computer that started Armageddon and may indeed end humanity for good. Skynet's most well-known products in its genocidal goals are the various terminator models, such as the T-800 (Model 101).","/cpmbkwSxZnKO69V82A9a34tvk2E.jpg","/kpZxdNsAV7qTdTLwKM5NLqa7GEo.jpg"
"556","Spider-Man Collection","A superhero film series based on the Marvel Comics character Spider-Man. The series is centered on Peter Parker, an academically gifted but socially inept freelance photographer who gets bitten by a genetically modified spider and gains spider-like abilities, all of which he uses to fight crime as a spider-masked vigilante, learning for himself that with great power comes great responsibility.","/waZqriYTuBE3WqXI3SDGi3kfDQE.jpg","/bp5PqLa06QA1LsELA1SsKZ008H7.jpg"
"645","James Bond Collection","The James Bond film series is a British series of spy films based on the fictional character of MI6 agent James Bond, codename ""007"". With all of the action, adventure, gadgetry & film scores that Bond is famous for.","/dOSECZImeyZldoq0ObieBE0lwie.jpg","/HORpg5CSkmeQlAolx3bKMrKgfi.jpg"
"656","Saw Collection","The extremely successful horror film series about a mysterious murderer who gives his victims macabre riddles they must solve to earn their freedom. After a surprise debut film success Saw would be made into a multimedia franchise, spawning 10 installments.","/oLfS1lOmN2KIU2IQ200SDEPVEZe.jpg","/xmC2A7qPEfiOkQC58fZh8srWQ5v.jpg"
"748","X-Men Collection","A superhero film series about a team of mutant superheroes based on the Marvel Comics superheroes of the same name.","/roZFGw3Rg6VOYty9y4r5WvgvXoC.jpg","/31rqs6ZxFdi5nWZZaFPIr17q8jt.jpg"
"1241","Harry Potter Collection","The Harry Potter films are a fantasy series based on the series of seven Harry Potter novels by British writer J. K. Rowling.","/4gV0rKUjB1nLUdZB4zIltLvNZZr.jpg","/eVPs2Y0LyvTLZn6AP5Z6O2rtiGB.jpg"
"1570","Die Hard Collection","An action film series centered around the character of John McClane, a New York City police detective who finds himself fighting a group of terrorists in each film.","/5kHVblr87FUScuab1PVSsK692IL.jpg","/fn3aXwADNC0nmJ51GYnkrOseVgB.jpg"
"1575","Rocky Collection","These sport drama films begin by telling the rags to riches American Dream story of Rocky Balboa, an uneducated but kind-hearted working class Italian-American boxer working as a debt collector for a loan shark in the slums of Philadelphia.","/JhGydj4q5y8MoWZFyj15yKNrzC.jpg","/fKe9y1AJHEzoiHwSrjfwyinuCE8.jpg"
"1733","The Mummy Collection","The Mummy film series is a remake of The Mummy, loosely based on the original 1932 film. The first two films in the series were written and directed by Stephen Sommers.","/1BeKi6IytbfQlQocJSvP2k6sO1a.jpg","/x5ZQsM90h4jmvDelgbCwPjcOn1s.jpg"
"2150","Shrek Collection","The fairytale story of a large, strong, solitude-loving, intimidating ogre named Shrek, and his friends.","/gMWrKQjoTIpYjhc8SxZF20EDIES.jpg","/qNHZMe92A7Pyl46qUH29hVOtbSK.jpg"
"2344","The Matrix Collection","The Matrix collection depicts a complex science fiction story incorporating many philosophical elements. Written and directed by the Wachowskis and produced by Joel Silver.","/bRm2DEgUiYciDw3myHuYFInD7la.jpg","/bV9qTVHTVf0gkW0j7p7M0ILD4pG.jpg"
"2467","Tomb Raider Collection","Tomb Raider is a series of action-adventure movies, centering around the exploits of Lara Croft, a fictional British archaeologist-adventurer.","/dY55rtfQMOMGHJXGDNfSEyuHPGG.jpg","/sgaP4WtVlKzz8FIcjbkevOycJiq.jpg"
"2806","American Pie Collection","American Pie is a series of sex comedy films. The first film in the series was released in 1999, by Universal Pictures, and became a worldwide pop culture phenomenon, cult following amongst young people. The second and third films were released at two-year intervals, whereas the fourth film was released in 2012. A spin-off film series titled American Pie Presents, which includes four direct-to-video films was released from 2005 to 2009. - Wikipedia","/eHl3g0eZ6sxMsXnjzfSkRcOBO1R.jpg","/cNqNmezA9iSeJcPdzMqjfXldV9F.jpg"
"2883","Kill Bill Collection","The Kill Bill Collection is a series of thrilling revenge dramas directed by Quentin Tarantino. Inspired by Hong Kong martial arts movies, Japanese samurai films, and Italian spaghetti westerns, these movies are characterized by their stylized violence, pop culture references, and extensive use of popular music. Featuring Uma Thurman in the iconic role of The Bride, the Kill Bill films have become cult classics that continue to captivate audiences worldwide.","/oCLKNACMNrEf4T1EP6BpMXDl5m1.jpg","/tf1nUtw3LJGUGv1EFFi23iz6ngr.jpg"
"3167","Ace Ventura Collection","A comedy film series featuring Ace Ventura, an eccentric Miami-based private detective who specializes in retrieval of tame and captive animals.","/pbs1VKy9J3MZ8qJI89WdDUNi7wM.jpg","/qCxH543pScFed1CycwJ1nVgrkOc.jpg"
"5039","Rambo Collection","A series of action films that follows John Rambo, a US Army veteran, who is traumatized by his experience in the Vietnam War, and uses the skills he gained there to fight corrupt police officers, enemy troops and drug cartels.","/9vlISRco1XbV7xa038IpLcDtBSV.jpg","/feGOEOVrOLyjtEnVa88rQLgD3XY.jpg"
"8354","Ice Age Collection","The Ice Age Movie Collection Release into theaters by Twentieth Century Fox Animation and Blue Sky Studios.","/vrNxDKVRbsTUUvSdZPDvtGNQL5X.jpg","/stQoHvo0q6ZcEkji2Z1wlAxKnDq.jpg"
"8537","Superman Collection","This collection includes the original superhero film series of the DC Comics character Superman starring Christopher Reeve and the fifth and final installment, Superman Returns, from 2006. The series is centered on Clark Kent, a Kryptonian from the planet Krypton whose birth name is Kal-El. Superman resides in the city of Metropolis, where he works as a journalist for the Daily Planet, a newspaper.","/la0EhOrgVAiY8sf3ILz3wgoaNXH.jpg","/k1d3n4TJAGTF90x93QhL9jKUaXv.jpg"
"8580","The Karate Kid Collection","The first three films in the series follow Daniel LaRusso, who learns to harness karate for good through the eccentric mentorship of a janitor named Mr. Miyagi. In the fourth and final film of the original series, Mr. Miyagi becomes the caretaker of his friend's granddaughter in attempt to steer her away from trouble.","/sq4c328WCIFIVD7B9ZGFRwDbUTH.jpg","/h3zLPMwBKYJWDb4r7GP7lVfuRUx.jpg"
"8650","Transformers Collection","The Transformers series follows the continuing battle between the Autobots and the Decepticons and ultimately, the triumph of good over evil. This collection includes theatrically released films of the Transformers saga only.","/zvZBNNDWd5LcsIBpDhJyCB2MDT7.jpg","/634HpDF95NXzfExXfmeDNPEwT3r.jpg"
"8864","Final Destination Collection","Final Destination is a series of horror films centered on the themes of fatalism, predestination, and precognition, in relation to death.","/y3aWOInifbGKXM34KjtcMITrZRZ.jpg","/ImnmSDVPK8Ds5LhVFdox6idAbN.jpg"
"9485","The Fast and the Furious Collection","An action film series centered on illegal street racing and heists.","/z5A5W3WYJc3UVEWljSGwdjDgQ0j.jpg","/zQdytnqfsWKJlqazqfMBL2L7aql.jpg"
"9744","Fantastic Four Collection","Superhero films based on the Marvel Comics team of the same name. Four individuals gained superpowers after exposure to cosmic rays during a scientific mission to outer space: Mr. Fantastic (Reed Richards), the Invisible Woman (Susan ""Sue"" Storm), the Human Torch (Johnny Storm), and the monstrous Thing (Ben Grimm).","/jd89P82JIoi1pT65f7F0Za2ArAr.jpg","/prObnUSCHIBC8ZjkGo2KHgjkWOo.jpg"
"9888","Home Alone Collection","This series of movies sees a child accidentally left behind by their family during Christmas to fend for themselves against burglars.","/tpmfRWL1ecFxFOOeqvp6hDf41ac.jpg","/zYPsleQJo1n1rBPlecJBRb3iwSO.jpg"
"10194","Toy Story Collection","Toy Story is a CGI animated media franchise created by Pixar and distributed by Walt Disney Pictures. The franchise is based on the anthropomorphic concept that all toys, unknown to humans, are secretly alive, and the films focus on a diverse group of toys that feature a classic cowboy named Sheriff Woody and a modern spaceman named Buzz Lightyear. The group unexpectedly embark on adventures that challenge and change them.  The collection currently includes Toy Story 1-4.","/9FBwqcd9IRruEDUrTdcaafOMKUq.jpg","/rki5qLuwb0xnnE9seehxO9TlLhW.jpg"
"10522","Starship Troopers Collection","Starship Troopers is an American military science fiction media franchise based on the 1959 novel of the same name by Robert A. Heinlein and the satirical 1997 film adaptation by screenwriter Edward Neumeier and director Paul Verhoeven.","/iKbdiRzFaQaKMtYoeQIuwGoDvSv.jpg","/uumu3Xj1ME1632SCsyVJwITgOKZ.jpg"
"12087","Herbie Collection","Herbie is an anthropomorphic 1963 Volkswagen Beetle, a character that is featured in several Disney motion pictures starting with the 1968 feature film The Love Bug. He has a mind of his own and is capable of driving himself, and is a serious contender in auto racing competitions. Throughout most of the franchise, Herbie is distinguished by red, white and blue racing stripes from front to back bumper, a racing-style number ""53"" on the front trunk lid, doors, and engine lid, and a yellow-on-black '63 California license plate that says, ""OFP 857"". One exception to this is his introduction in The Love Bug, where he initially appears as a nondescript white vehicle with a gray colored fabric sunroof (a.k.a. ""ragtop""), the style of sunroof offered on VW Beetles made through 1963.","/hgi9EeU50KFhv9pCDmJyx4VLp5G.jpg","/yfhSkmOHOdL0QfajTo1ZuOTDuHH.jpg"
"12203","Drunken Master Collection","The Exploits of Beggar So [aka Sam Seed/Su Hua Chi] (Yuen Siu-Tien) and his pupil Wong Fei-Hung (Jackie Chan)","/3JWhJ6h9iR3ugJWxo7lcJl5L5ii.jpg","/s1BJpNbmc7jqFajUtHHqEMsa8l9.jpg"
"14740","Madagascar Collection","Madagascar is an animated film series produced by DreamWorks Animation. Voices of Ben Stiller, Jada Pinkett Smith, Chris Rock and David Schwimmer are featured in the films. The plot follows the adventures of story of four Central Park Zoo animals who have spent their lives in blissful captivity and are unexpectedly shipped back to Africa.","/lzTIAbvMeGWB7PUrmBZXulGA28M.jpg","/UXIxsUbwMpv4v8xXRdT7LX58z9.jpg"
"14890","Bad Boys Collection","A franchise of films about the cop duo Mike Lowrey and Marcus Burnett, blowing stuff up and crazy car chases. They get the job done but at an expensive cost.","/k9hhSHg5GS4UgWQC6MHBOZrarji.jpg","/tSVbihfvVTCbcm0zXKA7L8R6Y9v.jpg"
"17235","Hellboy Collection","The character Hellboy is a demon who fights for the U.S. government and himself against dark forces including Nazis and Baba Yaga, in a series of tales that have their roots in folklore, pulp magazines, vintage adventure, and horror fiction. This collection includes the theatrical release films.","/i6WF7cYiogl8g5ryZDbZBw8RNVN.jpg","/7zzD8uQ5fyC4slZF1ATMS6gtyHS.jpg"
"17255","Resident Evil Collection","Loosely based upon the Capcom video games of the same name, the Resident Evil film series follows the protagonist Alice, a character created for the films. The Umbrella Corporation acts as the main antagonist, a bio-engineering pharmaceutical company responsible for formulating the T-virus, which results in a zombie infection outbreak.","/8utTJ9WoQeYcZ0Ztciv6auqwLXl.jpg","/ed8cYt6V7DVoVuHhBV5dD2YRFvb.jpg"
"30663","Harold & Kumar Collection","An American stoner comedy film series starring John Cho (Harold) and Kal Penn (Kumar).","/b70mFgsSn2hl3CvC0nRx0SHUEX0.jpg","/zFhXMBKIWyThKeE3mQQTaZ07rBy.jpg"
"31562","The Bourne Collection","The Bourne films are a series of action thriller movies based on the character Jason Bourne, a CIA assassin suffering from extreme memory loss who must figure out who he is. The character is based on novels by Robert Ludlum. The fourth film in the series introduces Aaron Cross, a Department of Defense operative who runs for his life because of Bourne's actions.","/vA5xMglyZv7yzDTj1qUTU4OvelV.jpg","/q0ma8ozYaaol1IvdGjBvj3KllyL.jpg"
"33059","Wild Things Collection","","/wCh4W9gWT9DT7mRgWDofwcM2pwD.jpg","/4OI3VZMXFMcTmpyzg9RlN4vsIro.jpg"
"33514","The Twilight Collection","The Twilight movies are a romantic fantasy vampire series based on the series of novels by Stephenie Meyer.","/yDq6O2JCbM6sCVn66FzOx1Eqqzx.jpg","/aKAX2HO5V94JYeSIkOMFNlRI71E.jpg"
"39199","Detective Conan Collection","Feature films based on the Japanese Case Closed series.","/mwz7lYimh8da0zZHOI41xNd86yH.jpg","/bV6EHK0Q65hHKSoVDeACbc960jQ.jpg"
"39326","Initial D","No overview.","/8qKt839RL6UTqBxjqr2pzHmPvXs.jpg","/kP0CWfHKtwsWfNcrZYdwZOWbJNu.jpg"
"43064","Speed Collection","Speed is a 1994 American action-thriller film directed by Jan de Bont. LAPD officer Jack Traven becomes the focus of a bomber and extortionist, retired Atlanta bomb squad sergeant Howard Payne. The film takes place in Los Angeles in 1993. In 1997, a sequel, Speed 2: Cruise Control, was released. Sandra Bullock agreed to star again as Annie, for financial backing for another project, but Keanu Reeves declined the offer to return as Jack. As a result, Jason Patric was written into the story as Alex Shaw, Annie's new boyfriend, with her and Jack having broken up due to her worry about Jack's dangerous lifestyle. Willem Dafoe starred as the villain John Geiger, and Glenn Plummer (who played Reeves' carjacking victim) also cameos as a boat driver. The film is considered one of the worst sequels of all time.","/5YDT5pRGMvuOqOk7SWBq8HBrbGm.jpg","/9poztwq7SXjEETRdWXcJsl58kxV.jpg"
"43072","The Mask Collection","The Mask is an American fantasy-comedy film series based on a series of comic books published by Dark Horse Comics about the mask of Loki. The original film stars Jim Carrey as Stanley Ipkiss.","/ucDNm5TJW1ji7kIjnX2SZYm7ATM.jpg","/pl2vNt9XlxITTgm8wCQ2Y6ThkpT.jpg"
"43220","National Lampoon's Van Wilder Collection","Van Wilder (Ryan Reynolds) is an outgoing, friendly, and extremely popular student who has been at Coolidge College for seven years. For the past six years, he has made no effort to graduate, instead spending his time organizing parties and fundraisers, doing charity work, helping other students, and posing for figure drawing classes. But after seven years, with no return on his investment, Van's father (Tim Matheson) decides it is time to cut his losses and stops paying Van's tuition.","/fvkR1SE5i1qUVHM5vewIf9jozcu.jpg","/9O9Dtdetrc7shP2CUr5jQqbIexC.jpg"
"44722","Munna Bhai Collection","Murli Prasad Sharma (Munna Bhai) is portrayed by Sanjay Dutt. He is a ""Bhai"" - a leader in the Mumbai underworld. His nickname, Munna Bhai has a double meaning. It could refer to the form of ""Bhai"" as an honorific, as the word traditionally translates as ""brother""; however, within the context of Mumbai slang, ""Bhai"" has also come to refer to a hoodlum. His sidekick, or consigliere is Circuit (portrayed by Arshad Warsi). They both speak in Bambaiya Hindi, a dialect specific to Mumbai, India.",,"/ICAaBHd2w2Gm82E6IW61uVVTnJ.jpg"
"44724","Don Collection","The drug trade is booming. The Malaysian Intelligence and Anti-Narcotic Department are called upon for assistance by their Indian counterparts. There are rumours that a drug gang has recently moved their headquarters to Kuala Lumpur.","/iM6ius5ODrQaTNXh4nNkIVHqTDS.jpg","/5PzZWmcZwUwGGAs9LdUpMXRUJNh.jpg"
"44976","Dhoom Collection","The movies are centered around Jai Dixit & Ali Akbar Fateh Khan, Two Cops who find themselves fighting a group of criminal masterminds.","/sryVaKG3Bj6bQAze2jYNltUrZZi.jpg","/qc1R0oO2tb7TFPiql7Aq6QoDwJp.jpg"
"52785","xXx Collection","XXX (pronounced as Triple X and stylized as xXx) is an American action film series. The first follows Xander Cage, a thrill seeking extreme sports enthusiast, stuntman and rebellious athlete-turned-reluctant spy for the National Security Agency. The second introduces Darius Stone, a new agent in the Triple X program. The third sees the return of Xander Cage who comes out of self-imposed exile, thought to be long dead.","/jSfCi0onZRDxbeg2dPJgB5iAoxX.jpg","/s13xGJSH3eEWPjSjDvI1iCqkwVg.jpg"
"52985","Wrong Turn Collection","A group of people fights for their survival against a family of hideously deformed inbred cannibals who plan to ruthlessly butcher them all.","/32IsLLCoj3mIkZbLfCKSXZVqd3k.jpg","/dtfQY5ZxvdHNG4HqNDy0ifwk1q6.jpg"
"59567","Shanghai Noon Collection","Shanghai Noon is a 2000 Chinese-American action comedy western film starring Jackie Chan, Owen Wilson and Lucy Liu. The film, marking the directorial debut of Tom Dey, was written by Alfred Gough and Miles Millar. A sequel, Shanghai Knights, was released in 2003, with David Dobkin as director.","/xkA3OKXATV7c0hIXoETdHXUIpE8.jpg","/ni5KHVDmSGjdqdcf0sew2c2xZ37.jpg"
"63043","TRON Collection","Tron is an American science fiction media franchise. It began in 1982 with the Walt Disney Pictures film Tron. It was followed by various film tie-ins, a comic book miniseries and the 2010 sequel film Tron: Legacy","/o8NBfffQPE9tHTR9l7FuWbdVPHu.jpg","/cvFlDIfOwhYe4ouAAfdyq9E5zlZ.jpg"
"70068","Ip Man Collection","The life of Ip Man","/vhOkY4CXyt3Yc1U7SuiwI6zKWPh.jpg","/pNcvlvn3IKcpOCGbDY4ReMobSgj.jpg"
"72119","Honey, I Shrunk the Kids Collection","Honey, I Shrunk the Kids is an American Disney comedy franchise that focuses on Wayne Szalinski, a ""nutty"" inventor who develops electronic machines that cause havoc.","/sfT3NqSnjEDY1449qBgQRWOIcaq.jpg","/lFzYdAFLJ1mk2ax4yYYqeH7A3FW.jpg"
"77816","Kung Fu Panda Collection","The Kung Fu Panda series are computer-animated action comedy films set in a version of old China populated by humanoid talking animals, the plot revolves around a bumbling humanoid panda named Po who aspires to be a kung fu master.","/uDosHOFFWtF5YteBRygHALFqLw2.jpg","/2QT6PuYXY0T2Ry9rX0JKQYTrbwx.jpg"
"85943","Night at the Museum Collection","A series of movies starring Ben Stiller as a night guard of the Museum of Natural History in New York City.","/z0nqqHwEY3niKa41kKbR4zhnvHw.jpg","/q2nwE0Qi8U6tsU5HDmiWS2D3dSJ.jpg"
"86027","Aladdin Collection","The Aladdin Collection transports viewers into a magical world full of adventure, mystical genies, and flying carpets. It begins with Disney's original animated classic, ""Aladdin"" (1992), where a young street urchin named Aladdin discovers a magic lamp that could change his destiny. The collection continues with two direct-to-video sequels, ""The Return of Jafar"" (1994) and ""Aladdin and the King of Thieves"" (1996). Each entry adds more depth to the rich, vibrant world of Agrabah, while focusing on themes of friendship, bravery, and the power of being oneself.","/naeLgo2bt4WKfHF4BTrG6mkmjiY.jpg","/enl57YvMhTAdic6El5rfZppyzq2.jpg"
"86029","Charlie's Angels Collection","An American media franchise that follows the adventures of the Angels, a team of women working for the Townsend Agency, a private detective agency, under the leadership of Charlie Townsend, their unseen boss. The film series is a continuation of the story with later generations of Angels.","/jfKqvbZqU3LcNcwj4N8Q1ZJ7fSv.jpg","/jBKUntSuSUfxTXI8XWABpdWmWEt.jpg"
"86055","Men In Black Collection","A series of American science fiction action comedy films based on Malibu / Marvel comic book series The Men in Black by Lowell Cunningham. Stylized MIB and spawned 2 numbered sequels as well as a spin-off.","/xKz6YaOvmnIJQ3MYIpnaa7FBaAB.jpg","/neo50PMS8QZhl4VdzXAF1Cz3sPz.jpg"
"86066","Despicable Me Collection","The Despicable Me franchise centers on Gru, a super-villain (who later becomes a dad and superhero); his yellow-coloured Minions; and his three orphan girls, Margo, Edith and Agnes.","/37xamYKRUGCRux532lKcZdVGYuR.jpg","/95prV91f4DxkBnLU43YjLbU1m3q.jpg"
"86092","Step Up Collection","The Step Up films are a series of dance/romance-drama films created by Duane Adler.","/3jr0rQcsWyfqBlmzE0h0igjJohS.jpg","/gCKQ1lJWynugfb42IahVKRGg3UO.jpg"
"86105","American Psycho Collection","American Psycho is a cult psychological thriller and satirical film. The film focuses on Wall Street yuppie Patrick Bateman, whose mental instability and bloodlust lead him to serial killing. A direct-to-video spin-off, American Psycho II: All American Girl, was not based on the novel or the original film, as its only connection with the original is the death of Patrick Bateman, briefly shown in a flashback. However, the sequel continues the pattern in the first film of featuring a series of graphic deaths of colleagues and friends of the main character.","/z5cYtp6jrS23RrQPBiJMJpIMwjc.jpg","/ko4O9lcRGYOZAF5Hh79Mfsgjpun.jpg"
"86110","Diary of a Wimpy Kid Collection","Diary of a Wimpy Kid is a series of films based on the series of books, Diary of a Wimpy Kid by Jeff Kinney. The series consists of four films: Diary of a Wimpy Kid (2010), Diary of a Wimpy Kid: Rodrick Rules (2011), Diary of a Wimpy Kid: Dog Days (2012) and the latest, fourth, film Diary of a Wimpy Kid: The Long Haul (2017), as well as a short film entitled, Diary of a Wimpy Kid: Class Clown (2012).","/7kp9e6sR07es0BNDz9VzpL8XhJa.jpg","/4Miizfzuds4ldROTff9vB0Z3EId.jpg"
"86117","Johnny English Collection","Johnny English is a series of British action comedy films parodying the James Bond secret agent genre. It features Rowan Atkinson as the titular character, based on the screenplay written by Neal Purvis, Robert Wade and William Davies. The series includes three installments. The series is infused with comedy similar to Atkinson's Mr. Bean character, and has grossed $477.8 million worldwide.","/pMHHhMKu2iQichL6Eym4ApCvIEB.jpg","/gjcqcC2UcjtIICzKQplc1GXxDYu.jpg"
"86119","The Hangover Collection","The Hangover is a 2009 American comedy film, co-produced and directed by Todd Phillips and written by Jon Lucas and Scott Moore. It is the first film of The Hangover franchise. The film stars Bradley Cooper, Ed Helms, Zach Galifianakis, Heather Graham, Justin Bartha, and Jeffrey Tambor. The Hangover tells the story of Phil Wenneck, Stu Price and Alan Garner, who travel to Las Vegas for a bachelor party to celebrate their friend Doug Billings' impending marriage. However, Phil, Stu and Alan have no memory of the previous night's events and must find Doug before the wedding can take place. It was followed by 2 sequels.","/9tpB49XNPEvxEkdsIkJWP0sZWtf.jpg","/x8D6HXhmvdtPhM219J5Rc6ESagr.jpg"
"86311","The Avengers Collection","A superhero film series produced by Marvel Studios based on the Marvel Comics superhero team of the same name, and part of the Marvel Cinematic Universe (MCU).  The series features an ensemble cast from the Marvel Cinematic Universe series films, as they join forces for the peacekeeping organization S.H.I.E.L.D. led by Nick Fury.","/zuW6fOiusv4X9nnW3paHGfXcSll.jpg","/yFSIUVTCvgYrpalUktulvk3Gi5Y.jpg"
"86486","Spy Kids Collection","The Spy Kids series is a series of family action adventure films created by Robert Rodriguez. The main plot follows the adventures of two Cortez children who become involved in their parents' espionage. The rest of their family are spies as well, including their estranged uncle Machete and maternal grandparents. All four films tend to have a strong Hispanic heritage theme, as Rodriguez is of Mexican descent, though the dialogue is predominately in English. McDonald's released Spy Kids toys in Happy Meals by the time all four films were released.","/oxjNAfQJ1OrySttZSeLayky6T9k.jpg","/yqpS8N5w7VYo3gmFtHsGwHTV4Td.jpg"
"86860","Scooby-Doo Collection","Live action films based on the animated characters of the same name.","/aj598PG0VipBkiQXtikXdX5jRR4.jpg","/pJUPfq9utdm7D7RFbk6Iyd0JKBy.jpg"
"87096","Avatar Collection","The Avatar Collection tells the story of the world of Pandora, inhabited by the indigenous humanoids, the Na'vi. The main protagonist, Jake Sully (Sam Worthington), is sent to Pandora as an avatar - a hybrid of human and Na'vi. During his mission, Jake discovers the beauty and complexity of the Na'vi world and forms a deep connection with the planet's inhabitants. The collection focuses on the conflict between humans and the Na'vi and the struggle to save the world of Pandora.","/i7wJUZCq3L3cuH5PLum6jqbG0pr.jpg","/gC3tW9a45RGOzzSh6wv91pFnmFr.jpg"
"87118","Cars Collection","A computer-animated action-adventure comedy film series that follows the adventures of Lightning McQueen and Mater, set in a world populated entirely by anthropomorphic cars and other vehicles.","/A8DqaTGwZ8iCEjWMNRsZumzfKLw.jpg","/ooYvY9DMEdUHH2dOPHbZmyfMENy.jpg"
"87253","High School Musical Collection","The High School Musical film series chronicles two high school students, Troy Bolton, captain of East High School’s basketball team (Wildcats) and Gabriella Montez, a shy top student. Both of them try out for the lead roles in their school's musical and quickly fall in love in the process, despite the lack of support from the rest of their classmates, one of them being Sharpay Evans and her brother sidekick Ryan Evans. The film also focuses on Chad Danforth, Troy's best friend and Taylor McKessie, Gabriella's best friend who fall in love, too.","/qPosLUNgzyb8po6UqvydQLZcJih.jpg","/cn5Ik0y9K8zkk09JYWaD8YNGmoC.jpg"
"87359","Mission: Impossible Collection","Mission: Impossible is a series of a secret agent thriller films based on the popular television series. They chronicle the missions of a team of secret government agents known as the Impossible Missions Force (IMF) under the leadership of agent Ethan Hunt.","/jYl0UuJFcmhymv9ZNO14lPLDY1Z.jpg","/geEjCGfdmRAA1skBPwojcdvnZ8A.jpg"
"89137","How to Train Your Dragon Collection","This computer-animated action fantasy film series follows the adventures of a young Viking named Hiccup Horrendous Haddock III, son of Stoick the Vast, leader of the Viking island of Berk. Although initially dismissed as a clumsy and underweight misfit, he soon becomes renowned as a courageous expert in dragons, beginning with Toothless, a member of the rare Night Fury breed as his flying mount and his closest companion. Together with his friends, he manages the village's allied dragon population in defense of his home as leader of a flying corps of dragon riders. Upon becoming leaders of their kind, Hiccup and Toothless are forced to make choices that will truly ensure peace between people and dragons.","/vBSuGU5OyJ5lGamkqXo2kVAe01F.jpg","/hS8y3BcPki0GQKRQeGQVAz6BijK.jpg"
"90306","Ghost Rider Collection","Ghost Rider is an American superhero horror film series based on the character of the same name which appeared in Marvel Comics, the films star Nicolas Cage as Johnny Blaze, a stunt motorcyclist who sells his soul to the Devil and transforms into the vigilante Ghost Rider.","/cNRAWtbItigb2oFwXpcDi6mjMQm.jpg","/bZBasloaMhjxCwH6tV0eziNMqut.jpg"
"90863","Rush Hour Collection","The Rush Hour movie collection contains three martial arts/action-comedy films directed by Brett Ratner. The main plot centers around two police detectives: a Chinese police inspector (Jackie Chan) and an American LAPD detective (Chris Tucker) who can't seem to avoid misadventures involving menacing crime figures. Distributed by New Line Cinema.","/uoDt3eCCKpcxSQVWjPTgN8T0gjm.jpg","/pEvK2AoBnhC1RgqB7VRbBCMDq23.jpg"
"91427","Agent Cody Banks Collection","Nerdy teenager Cody Banks is recruited by the U.S. government to be a special agent.","/gh0OZpG16E5LtTAkCRkr5j0v1Fh.jpg","/j8U2ivzLSZSmaURtCRB3tDReJEW.jpg"
"91799","Tremors Collection","This monster movie series centers on the vicious attacks of subterranean worm-like creatures known as Graboids.","/b9Zl30z4QfkeKhI7NPqHyCBTB8Y.jpg","/dvNb7S2jXGPfaAZFextA5ojvwrS.jpg"
"92012","Happy Feet Collection","Join Mumble the Emperor Penguin and friends as the show that not everyone dances to the beat of the same drummer.","/b9CLLxKsh63AHEkGE9nz9bupQqh.jpg","/pYbF2FAi2MEVshl8jCDNTRNdTF0.jpg"
"93791","Anchorman Collection","Anchorman: The Legend of Ron Burgundy, or simply Anchorman, is a 2004 comedy film directed by Adam McKay, produced by Judd Apatow, starring Will Ferrell, and written by McKay and Ferrell. The film is a tongue-in-cheek take on the culture of the 1970s, particularly the news Action News format. It portrays a San Diego TV station where Ferrell's title character clashes with his new female counterpart. A companion film assembled from outtakes and abandoned subplots, titled Wake Up, Ron Burgundy: The Lost Movie, was released straight-to-DVD in late 2004. A sequel, Anchorman 2: The Legend Continues, was released on December 18, 2013.","/eUU6edsZcr7I0AO8rHcB3vQwcOH.jpg","/xjnbrB93Vj5yGYwU0uuW8Tu2qoc.jpg"
"94032","The Lion King Collection","The film franchise mainly revolves about a pride of lions who oversee a large swath of African savanna as their «kingdom» known as the Pride Lands, with their leader Simba watching over it as «king». In the original film, Simba was tricked into thinking he killed his father, a guilt ridden lion cub flees into exile and abandons his identity as the future King.","/A9IEaj9cPAwEgFnTmteB70oxgJY.jpg","/oG1heUs503GV6xBnFhgyYTGWm05.jpg"
"94589","Ong Bak Collection","Bruce Lee..Jackie Chan...Jet Li move over -  a new champion has arrived and his name is  Tony Jaa!  Ong-bak (2003)  Ong Bak 2: The Beginning (2008) Ong Bak 3: The Final Battle (2010)  To fight for the honour of his village, he must unleash the ancient art of Muay Thai","/efW6fm1jT5FFBADU2Itj4AGqDE7.jpg","/gG0gMDRnbOBLuKvRa0Q7naOD4yF.jpg"
"94602","Puss in Boots Collection","Long before he even met Shrek, the notorious fighter, lover and outlaw Puss in Boots becomes a hero when he sets off on an adventure with the tough and street smart Kitty Softpaws and the mastermind Humpty Dumpty to save his town. This is the true story of The Cat, The Myth, The Legend... The Boots.","/feU1DWV5zMWxXUHJyAIk3dHRQ9c.jpg","/anHwj9IupRoRZZ98WTBvHpTiE6A.jpg"
"96676","Never Back Down Collection","Never Back Down is a 2008 action film starring Sean Faris, Amber Heard, Cam Gigandet, and Djimon Hounsou. A 2011 sequel entitled Never Back Down 2: The Beatdown was released with Evan Peters reprising his role as Max Cooperman. Directed by Michael Jai White - who makes his directorial debut and also top-bills the cast, the film stars Alex Meraz, Jillian Murray, MMA fighter Scott Epstein and Australian actor-singer Dean Geyer.","/p89IHzPRxUczf1ALOurfzus0br6.jpg","/w8S6H9tV9cnctATHDw71ntoZWcC.jpg"
"96850","Evangelion Collection","","/zguc4BSy4cbviHd7di67kifnmzD.jpg","/kv0WrCUZUNiE8lbxPojOT1O7YpF.jpg"
"99727","Stuart Little Collection","The Stuart Little Collection comprises the 3 Stuart Little movies.","/r74LzQMN1EdvdCvbIqHA95TvEKt.jpg","/1mE2KM0TvZGf7K5imGkW5W7bndo.jpg"
"102322","Sherlock Holmes Collection","The Sherlock Holmes Collection brings together the timeless adventures of the world's most famous detective and his loyal companion, Dr. John Watson. These iconic stories, written by Sir Arthur Conan Doyle, have captivated audiences for generations with their intricate mysteries, unforgettable characters, and brilliant deductions. The collection includes numerous adaptations across film, television, and stage, showcasing the enduring appeal of the enigmatic sleuth.","/kT4Pz6QY29qHMVKULzNrVHg6Vwg.jpg","/oXzQIiGl3cZwF0R4Bq88Gf9fcMJ.jpg"
"103372","Mr. Bean Collection","Collection of Mr. Bean movies.","/aIXcqHz5VKRLXHPsNo0dFoK7YP5.jpg","/61Jcc1Gwc2KE7sIJ1HPqqdt67ji.jpg"
"104830","Piranha 3D Collection","A comedy horror film series inspired by and a remake of the 1978 film Piranha.","/6FzU0eEVXOizfDEdJUlaCEt2t3m.jpg","/saX8LYerNYcbsEfjoq2s6jLUjJS.jpg"
"105995","Anaconda Collection","Anaconda (also known as Anacondas) is an American horror film series created by Hans Bauer, Jim Cash, and Jack Epps Jr. Produced and distributed by Sony Pictures Home Entertainment, the series began with Anaconda (1997) directed by Luis Llosa. This was followed by one theatrical stand-alone sequel, Anacondas: The Hunt for the Blood Orchid (2004) directed by Dwight H. Little, and three television sequels, Anaconda 3: Offspring (2008), Anacondas: Trail of Blood (2009), both directed by Don E. FauntLeRoy, and Lake Placid vs. Anaconda (2015) directed by A. B. Stone and being a crossover with the Lake Placid series. Each installment revolves around giant man-eating anacondas and the efforts of various groups of people to capture or destroy the creatures. The fictional plant known as the Blood Orchid and the company Wexel Hall Pharmaceuticals as well as the fictitious Murdoch family are repeatedly referenced in the films.","/uR7j2TEwJVCMz7CDJgNPuhty4J9.jpg","/4ezsTWnemx5AfWHsn3LrszVseK8.jpg"
"106768","Tarzan (Animation) Collection","A series of films produced by Disney and based on Tarzan by Edgar Rice Burroughs.","/niNBthrQBTWZJFshrqjqD4bqLtI.jpg","/u8KeFKJma0ZbuaOlBUuMOCPN3u8.jpg"
"108125","The 36th Chamber of Shaolin Collection","The 36th Chamber of Shaolin, Return To The 36th Chamber and Disciples of the 36th Chamber together in one fantastic Set.","/grC83MtaWyTbUcxndTK3khIWiMT.jpg","/wBjZh104nh4HKLIgvrCvdOZzXKC.jpg"
"110177","Goal! Collection","The Goal! trilogy follows soccer phenom Santiago on his journey from fleeing Mexico with his family as a child to playing top-flight professional soccer in Euorope, and finally representing his mother country on the biggest stage of all: the World Cup.","/4CRsIO1uu4tArdn6eE2DtfXwEUr.jpg","/v3HCGVQJ5xmZ37oRKUpsEf4zKQq.jpg"
"111751","Texas Chainsaw Massacre Collection","An American horror series of slasher-cannibal films. The franchise focuses on Leatherface and his family, who terrorize unsuspecting visitors to their territory, and typically kill and eat them.","/9V5kaGBAjzwHmqvmZuazY9SbZwi.jpg","/wIeHYGmsoqjPz6Xv7fF5wxG9jLu.jpg"
"115575","Star Trek: Alternate Reality Collection","J.J. Abrams' cinematic re-envisioning of the Star Trek universe portrayed by a new cast, and set in an alternate reality from earlier films and series (referred to as the ""Kelvin"" timeline).","/gWl5pN2FplE709aVtA4lakwsE6t.jpg","/w2IVqa43Ge49mrY3qSaJWpyDtz6.jpg"
"115776","The Robert Langdon Collection","The Robert Langdon films are a series of American action-adventure mystery-thriller movies based on the novels written by Dan Brown. They center around the fictional character of Robert Langdon. Though based on the book series, the films have a different chronological order.","/j1IqpLhCypllamjKe6C2RstjfEQ.jpg","/mZDeXsVhBxnWD3tGOQ69vKS3WYL.jpg"
"117777","Undisputed Collection","The Undisputed Collection is based on the underground prison fighting scene.","/m9vTOtAhoZEh5BWpmdUWfQ1Ykl8.jpg","/tj33TopYAsVZEzWIRv7hjsAFYZr.jpg"
"123800","Before... Collection","Before Sunrise and its sequels that each take place nine years later in the story.","/to3l6Gwzd7FGWa9Spc708IP1K7l.jpg","/bBS1CfspKXq5RBok85hYvtW9ZwE.jpg"
"124949","Almighty Collection","A fantasy comedy film series co-starring Morgan Freeman in a reoccurring role as the Abrahamic God.","/fjYES2aMQ05mRcaRoUHACfloNM3.jpg","/cEIFUIrO1eoiSgmquHfYVyQYX14.jpg"
"125570","300 Collection","Fictionalized action films based on the retellings of the Persian Wars, a series of conflicts between the Empire of Persia and Greek city-states.","/aMGlbrOwAiqN7VyYHYwwj3CTDfk.jpg","/15c4BOYE7gJn1jTN1VxA9KBjcnq.jpg"
"125574","The Amazing Spider-Man Collection","A superhero film series based on the Marvel Comics character Spider-Man. The series is centered on Peter Parker, a teenager struggling to find his place in life ever since his parents disappeared when he was a child. A spider bites him on the back of his neck, giving him spider-powers. It is a reboot of Sony's Spider-Man film franchise.","/kA09IYsqmso7HASKE3ts7ngaf7p.jpg","/moNJa86FgDYy8SWeDym2gnsLLMa.jpg"
"126125","The Expendables Collection","An ensemble action film series about a group of elite mercenaries. This series pays tribute to the blockbuster action films of the 1980s and early 1990s, starring an array of action veterans from those decades.","/lA7oDSt6LkyDqtbFGbyuG0afmTI.jpg","/mpzHpaXjBc7bHAhwcerIznnq9qV.jpg"
"126221","George of the Jungle Collection","George of the Jungle is a 1997 American comedy film directed by Sam Weisman and based on the Jay Ward cartoon of the same name, which is also a spoof of Tarzan. The film was produced by Walt Disney Pictures with Mandeville Films and The Kerner Entertainment Company and was released in theaters on July 16, 1997. It stars Brendan Fraser as the eponymous main character, a primitive man who was raised by animals in an African jungle, Leslie Mann as his love interest, and Thomas Haden Church as her treacherous fiancé.  A direct-to-video sequel, George of the Jungle 2, was released on DVD in 2003. With three of the original actors (Thomas Haden Church, John Cleese, and Keith Scott) returning.","/s8l8StTGraJRWniG6cUK3DDEvH7.jpg","/4zBbsGW3QXmZcNyKNAvth9gYW9e.jpg"
"131292","Iron Man Collection","A superhero film series based on the Marvel Comics character of the same name and part of the Marvel Cinematic Universe (MCU) series. Tony Stark AKA Iron Man, an industrialist and master engineer uses a powered exoskeleton to fight foes, with the aid of his personal assistant and love interest Pepper Potts.","/rI8zOWkRQJdlAyQ6WJOSlYK6JxZ.jpg","/fbeJ7f0aD4A112Bc1tnpzyn82xO.jpg"
"131295","Captain America Collection","A superhero film series based on the Marvel Comics character Captain America, and part of the Marvel Cinematic Universe (MCU) series. The series is centered on Steve Rogers, a man from World War II era Brooklyn who is transformed into super-soldier Captain America.","/ezEpSQhUQxVKdMx81zaSLsTHv7j.jpg","/2tOgiY533JSFp7OrVlkeRJvsZpI.jpg"
"131296","Thor Collection","A superhero film series based on the comic book character of the same name published by Marvel Comics, and part of the Marvel Cinematic Universe (MCU) film series. The series centers on Thor, the crown prince of Asgard.","/3KL8UNKFWgIKXzLHjwY0uwgjzYl.jpg","/yw7gr7DhHHVTLlO8Se8uH17TDMA.jpg"
"135468","G.I. Joe (Live-Action) Collection","A science fiction action film series based on the G.I. Joe toy franchise, with inspiration from the comic book and cartoon series.","/m3ip0ci0TnX0ATUxpweqElYCeq4.jpg","/5LtZM6zLB2TDbdIaOC5uafjYZY1.jpg"
"135483","Taken Collection","A French action thriller film series based upon fictional former CIA operative Bryan Mills who is abroad in Europe.","/hO1R1TI429PjkOjby4dTPBrWFwn.jpg","/4PNFiSaJWvWhkdOw0KF9Vf7v3gC.jpg"
"137696","Monsters, Inc. Collection","An American computer-animated comedy-adventure film series produced by Pixar Animation Studios","/x4Mq7gDRhbqDjw4SkemLvd1yzF3.jpg","/4Cp0L58Rg1bSJSsT6uw7OuU4nYc.jpg"
"137697","Finding Nemo Collection","A computer-animated adventure film series about a clownfish named Nemo, his over-protective father Marlin and a regal tang named Dory.","/2hC8HHRUvwRljYKIcQDMyMbLlxz.jpg","/xwggrEugjcJDuabIWvK2CpmK91z.jpg"
"142015","Housefull Collection","Housefull: Believing himself to be a jinx and bringing bad luck upon himself and others, a man attempts to find true love, but ends up in very complicated relationships.  Housefull 2: Four son-in-laws marry four brides whose four father-in laws mistake every son-in law for Jolly.","/vcbl2SDArIOZQbFXkwXJl0CtBJ9.jpg","/qGe6c8f5UXBWgfZerbO1OUZfwg1.jpg"
"142021","Dhamaal Collection","Dhamaal: Four slackers and con-men namely: Boman Contractor, who lives a wealthy lifestyle with his eccentric dad, Nari, who loves his antique car more than his son, and asks his son to leave when he damages the car; hot-headed Aditya and dim-witted Manav, orphaned brothers; and Deshbandhu Roy, a trickster who wears a magnetized belt; share a room with a lenient landlady, who eventually gives up on them and kicks them out. After a number of con tricks, the group are arrested by the Police, but released in the countryside.  Double Dhamaal: Double Dhamaal catches up with the quartet of good-for-nothings - Roy (Ritesh Deshmukh), Adi (Arshad Warsi), Manav (Jaaved Jaaferi) and Boman (Aashish Chaudhary) - who are still dreaming of an easy life with minimal effort when they encounter their old arch-enemy: corrupt Inspector Kabir (Sanjay Dutt).",,
"142022","Hera Pheri Collection","Hera Pheri: Hera Pheri is a comedy of errors and a 'master plan' gone horribly wrong. Phir Hera Pheri: Babu Rao, Raju and Shyam, are living happily after having risen from rags to riches. Still, money brings the joy of riches and with it the greed to make more money - and so, with a don as an unknowing investor, Raju initiates a new game.","/nd7InDezpv44Z30iAOkKv76zorM.jpg","/xNk1ijBqt6vzbd5cp0GSrQk3IYV.jpg"
"166376","Hollow Man Collection","A science fiction film series about an invisible man.","/r7GbKuuNdoEAzXCfA4My1kj85Z2.jpg","/3yc4NVh77VL14V7CvXM2rJhRh4n.jpg"
"167985","Richie Rich Collection","","/2rdeXIXLOKBwVJAy2o3AVq4bZ5i.jpg","/auvU4jknHdc2QVylHhZ22e2vYBD.jpg"
"173710","Planet of the Apes (Reboot) Collection","Rick Jaffa & Amanda Silver's reboot/remake of the Planet of the Apes inspired by news articles on apes raised as humans and advances in genetics. Jaffa conceived an idea for a film about a genetically enhanced chimp raised in a human household. The film series focuses on a chimpanzee, Caesar who when given a substance designed to help the brain repair itself, gains advanced intelligence which leads to an ape uprising.","/uRRPDjkcavi8HuSYGiqOsLJefhL.jpg","/afGkMC4HF0YtXYNkyfCgTDLFe6m.jpg"
"177467","Cloudy with a Chance of Meatballs Collection","A computer-animated comic science fiction film series featuring Flint Lockwood and his machine that transforms water into food called the «Flint Lockwood Diatonic Super Mutating Dynamic Food Replicator» (FLDSMDFR).","/eANL41F9Zp1xHMD6VnHnD3QS7ui.jpg","/pRAzOs9cZN8LlhaCKo6LQ0bSfyi.jpg"
"178106","Darko Collection","A collection of films involving the Darko family.","/hja7IzXp6how8eD1WHriI386TGY.jpg","/f3DaaNRpyeZawist5Qt21hlzL2I.jpg"
"179892","Kick-Ass Collection","The ""Kick-Ass"" film series is a British-American action-comedy about unconventional superheroes, based on the Marvel comic by Mark Millar and John Romita Jr. Known for its unique blend of humor and violence, the series has gained acclaim from both critics and audiences. It consists of two movies: ""Kick-Ass"" (2010), directed by Matthew Vaughn, and ""Kick-Ass 2"" (2013), directed by Jeff Wadlow.","/fYMsCXEMguNlSORJIHydfBgOnty.jpg","/gKjplfZZWmRMPoBdmJeTHCcGYxV.jpg"
"180546","Grown Ups Collection","Grown Ups is a 2010 American buddy comedy film directed by Dennis Dugan, written by Adam Sandler, and starring Sandler, Kevin James, Chris Rock, David Spade, and Rob Schneider. Sandler and Fred Wolf wrote the script. The film was produced by Sandler's production company Happy Madison Productions and was distributed by Columbia Pictures. Sandler, Rock, Schneider, and Spade all joined the cast of Saturday Night Live in the 1990–1991 season; supporting cast including Colin Quinn, Maya Rudolph, Tim Meadows and Norm Macdonald have also been SNL cast members. A sequel, Grown Ups 2, was released on July 12, 2013.","/ahlmYgIHI6oye76bgoUtC01mcrC.jpg","/n47E3fmEKyGCDxbiqebZsxlapJl.jpg"
"196753","Ghost in the Shell: Arise Collection","A film series that serves as a reimagining of Masamune Shirow's Ghost in the Shell. The films feature new character designs and are directed by Kazuchika Kise, screenplay by Tow Ubukata, and music by Cornelius.","/18WkPWaXZICbwjJ4VojlwbBYq6D.jpg","/4gsgCc1p2WV7tDUVoWHGqz6Rzj.jpg"
"209131","Man of Steel Collection","Man of Steel is a 2013 British-American superhero film featuring the DC Comics character Superman. It was co-produced by Legendary Pictures and Syncopy Films, and distributed by Warner Bros. Pictures. It is the first installment in the DC Extended Universe. Directed by Zack Snyder and written by David S. Goyer, the film stars Henry Cavill as the title character. It is a reboot of the Superman film series. A 2016 sequel, Batman v Superman: Dawn of Justice is the first live-action film to feature Batman and Superman together.","/csERw2A3XIsGegkzil6UGpyhqfw.jpg","/rNnIW6xSPeTiIUtsfEhFeIRiJVv.jpg"
"212562","Jump Street Collection","A series of films based on the lives of the Jump Street program, an undercover police unit in which young-looking detectives infiltrate schools and similar settings attended by minors to investigate crimes.","/iiAbTNYXpMadPDH4MkjUoJzcGn4.jpg","/of42UiM2j4MJQqso9To2ULM7hIP.jpg"
"228446","Insidious Collection","A series of American horror films where the plots are depicted as case files of demonologists.  The first two films center on a couple who, after their son mysteriously enters a comatose state and becomes a vessel for ghosts in an astral plane, are continuously haunted by demons of a hellish realm known as the Further until they take from the family what they want most: life.  The third film, a prequel, focuses on the same psychic that helped the family this time come to the aid of a young girl who calls out to the dead, and the fourth follows her when her own family becomes haunted.  All plots are depicted as case files of demonologists.","/5FrPZHgbbmTIq0oxpwSGqu5HyXC.jpg","/w1213HKk1XKSwHiBgjkWghn9biC.jpg"
"229932","Rio Collection","The adventure of Blu, a domesticated Macaw who never learned to fly.","/ndCkoXtdQErEb7RAfq0Y93xZzoG.jpg","/k1rkcF4iYalQaOQ1x5FCH5x80Qv.jpg"
"244500","Gangs of Wasseypur Collection","A clash between Sultan (a Qureishi dacoit chief) and Shahid Khan (a Pathan who impersonates him) leads to the expulsion of Khan from Wasseypur, and ignites a deadly blood feud spanning three generations.","/faPOBqGI8DNMxlpNBM5ISJN6LH5.jpg","/mw4P2FgPRdShebmSWBqg7iEeHuf.jpg"
"246091","Krrish Collection","Krrish is an Indian franchise of superhero films. The films are centred, initially, on a mentally disabled boy (Hrithik Roshan) who has an encounter with an extraterrestrial being, and later, his son (Hrithik Roshan), who grows up to be a reluctant superhero.",,"/7VHG8Vs9HtLzgJIRL00BQdzTZjG.jpg"
"251970","The Protector Collection","Tom-Yum-Goong (Thai: ต้มยำกุ้ง) Collection are the Thai martial arts action films starring Tony Jaa.","/wPN8ZJ2ykqpYQfIpere20Lp8XDp.jpg","/pa2IOz6zLpivXUKaaiQn1kxfZW1.jpg"
"256287","Justice League (Animated) Collection","This collection details the story line of the Justice League within the DC Animated Movie Universe.  The world's greatest heroes are assembled to form the Justice League, to combat a threat beyond each individual's capabilities.","/v4ijBegXGXDltrqRbhlEQqfoDl2.jpg","/5qm3MlCJkAtEUvnGPYwnKzrgAIO.jpg"
"256433","Dabangg Collection","Dabangg is a series of Indian action films. The first film was directed by Abhinav Kashyap and produced by Arbaaz Khan, the second film produced and directed by Arbaaz Khan, and the third film directed by Prabhu Deva and produced by Salman Khan and Arbaaz Khan. The series stars Salman Khan as Chulbul Pandey",,"/jTL5XXcOfKVk3BitY4z9e04RMrR.jpg"
"259256","Race Collection","Race is a series of Indian action-thriller films.","/mg3HjSYWFGgxbi3sxH7Hvjje49F.jpg","/AhWQp7QskpVwNjlqNMMBu4FTbaM.jpg"
"264317","Bhoothnath Collection","",,"/cr9Rv0LIFhjk5Oy9Uzvf0zeIXaZ.jpg"
"266672","Ted Collection","Ted is a 2012 American comedy film directed by Seth MacFarlane. The screenplay by MacFarlane, Alec Sulkin, and Wellesley Wild is from MacFarlane's story. The film stars MacFarlane, Mark Wahlberg, Mila Kunis, and with Joel McHale and Giovanni Ribisi in supporting roles, with MacFarlane providing the voice of the titular character. The film tells the story of John Bennett, a Boston native whose childhood wish brings his teddy bear friend Ted to life. However, Ted prevents John and his love interest Lori Collins from moving on with their lives. A sequel, Ted 2, was released on June 26, 2015.","/dGrNuWhapf8T0WH98xTC4LXgk1G.jpg","/uHKT9b6ptLpttGHlUF95sKQbtqF.jpg"
"269098","Police Story Collection","The Police Story film series (Chinese: 警察故事系列) comprises five Hong Kong crime-action films, directed by Jackie Chan, Stanley Tong and Benny Chan, produced by Raymond Chow, Leonard Ho, Jackie Chan, Barbie Tung, Willie Chan and Solon So. The first film Police Story was released on 14 December 1985. After the film's success, five sequels were made.  Chan began work on the film after a disappointing experience working with another director on The Protector, which was intended to be his entry into the American film market. The first Police Story film is considered by fans to be one of Chan's best films. It was a massive hit in Asia. According to his book, Chan considers the film his best, in terms of action.","/5qbfJzkMAUkFxcVo0dqnTRmpUoh.jpg","/xxvUoPvzDYqoZlABDSNgbV0kTti.jpg"
"270252","Planes Collection","A computer-animated action-adventure comedy film series that follows the adventures of Dusty, a crop duster with sky-high dreams. Dusty has a huge heart but two big problems...he's not exactly built for speed, plus he's afraid of heights. With a little help from his friends, Dusty always finds the courage to be more than he was built for - and the inspiration to soar. It is a spin-off of Pixar's Cars franchise.","/zGoePWKFLVJlxDWUUJhxSQgmkCa.jpg","/9iPjXft2km9DxlX4vGTqqP81STr.jpg"
"278920","Vampires Suck Collection","","/rlDK7GYKJP9p1TAj7dIBOuJ7ehO.jpg","/usy2BHdBGQE7dpnqsjJqoGALiun.jpg"
"280588","Horrible Bosses Collection","Dale, Kurt and Nick have horrible luck when it comes to bosses...","/kGvdIEuzy0rHnbIJ0qmnIjRGSKW.jpg","/zU3dVVBa3JW1nQVUsaFM0BeTnK.jpg"
"282971","Aashiqui Collection","Aashiqui films are a musical romantic drama film around a struggling singer who makes it big and loses his path in life.","/bFh0PyIYxo1oD66GaEU5cEozIcw.jpg","/fuboDfVKMWRvI5qTl4NOnHg4jwS.jpg"
"283579","Divergent Collection","A series of dystopian science fiction action films based on the Divergent novels by the American author Veronica Roth. Set in a dystopian and post-apocalyptic Chicago where people are divided into distinct factions based on human virtues. Beatrice Prior (Tris) is warned that she is Divergent and thus will never fit into any one of the factions. She along with Tobias Eaton (Four) soon learn that a sinister plot is brewing in the seemingly perfect society.","/z7Vxe0aRexX5Cr8AxE4vR6LgFEu.jpg","/AuRcFKpgHWInxR7MMomrsV9BPNy.jpg"
"284433","Guardians of the Galaxy Collection","A superhero film series based on the Marvel Comics superhero team Guardians of the Galaxy, and part of the Marvel Cinematic Universe (MCU) series. The series is centered on a band of former intergalactic outlaws, who have teamed together to protect the Galaxy from planetary threats. Led by Peter Quill (Star-Lord) the roster includes Gamora, Drax the Destroyer, Rocket Raccon & Groot.","/jdyyjulTBU8YUYAUvQFj6U1g2Pj.jpg","/2ibVXP9tVPbEUmnJCyXZ6AmWqwm.jpg"
"286951","Singham Collection","Singham movies chronicle the life of an honest police inspector Singham (Ajay Devgn) and his fight against evil elements of the society.","/8TrnhepuVJta76GNVUBxzstLBip.jpg","/g4C0qkPbM0xPsddii61ErzvHgZY.jpg"
"295130","The Maze Runner Collection","The film series consists of science-fiction dystopian action adventure films based on The Maze Runner novels by the American author James Dashner. They begin with Thomas who wakes up trapped in a maze with a group of other boys, he has no memory of the outside world other than dreams about an organization known as W.C.K.D. Only by piecing together fragments of his past with clues he discovers in the maze can Thomas hope to uncover his purpose and a way to escape.","/te8ibHFhjwWXZTCtQIPRUFjxWX2.jpg","/wQ0l9sq0Bm6OAeqY4w6NWjP9jwS.jpg"
"298820","American Pie (Spin-off) Collection","Why settle for one slice of pie when you can have five? This over-the-top, outrageous quintet of American Pie Presents movies includes Band Camp, The Naked Mile, Beta House, The Book of Love and Girls Rule which follows the hilarious and heart-warming antics of Erik Stifler and the Stifler clan. Whether it’s spending a summer at the infamous band camp, running a mile in the buff, pledging a raucous fraternity, discovering the Book of Love, or learning the girls' rules, the laughs just keep coming in this sexy and sidesplitting five-movie collection.","/au9AnpVPqjFfTZIGGuV94276KaL.jpg","/mE0oCbit0aUd4F7T1Fz538mSmSn.jpg"
"299748","Walking Tall (Reboot) Collection","Walking Tall is a 2004 action film. A remake of the 1973 film of the same name, it stars The Rock and Johnny Knoxville. Like the original film, it was based on the real-life story of Sheriff Buford Pusser and utilized many elements from his life. A number of aspects were changed, including the main character's name (to ""Chris Vaughn"") and the setting was moved from McNairy County, Tennessee to Kitsap County, Washington, United States. Walking Tall: The Payback and Walking Tall: Lone Justice, are two direct-to-video sequels that have been released starring Kevin Sorbo.","/zzVAOPbmA8bGmRVV8NsV8swBrbG.jpg","/15zSGtSOH2PddGQEDQCnQ74nhVq.jpg"
"304378","Independence Day Collection","A series of science fiction action films that revolves around extraterrestrials invading Earth and seeking to eradicate mankind while the remaining human resistance uses everything at their disposal to defeat the invaders and take back the planet.","/ou70x2658dVnbycIRaC37sEeafS.jpg","/AuBMbv3gSAdTaEIzcUySRETIauY.jpg"
"306031","Pitch Perfect Collection","A series of musical comedy films follow Barden University's all-girl a cappella group, The Barden Bellas.","/jolu4gMP6g2VmUZt099U6X6jNNJ.jpg","/mSXSmCij9KRvLn1Jp4y12TOezLf.jpg"
"313086","The Conjuring Collection","A supernatural horror film series that started The Conjuring Universe and follows Ed and Lorraine Warren, paranormal investigators and authors associated with prominent cases of haunting. Their reports inspired the Amityville Horror.","/kHZaX0vuhZdbuq0WKU3BpA9WIQ0.jpg","/z5VKhNSQKQyxm0co68HAkCqHnmX.jpg"
"325470","The Lego Movie Collection","A series of films based on the toys of the same name.","/vAyMNou7M2SOXjPIzLhltTvAqD1.jpg","/qwuwukEjuh6Zs51NnhtPVriARey.jpg"
"328247","Magic Mike Collection","A male stripper teaches a younger performer how to party, pick up women, and make easy money.","/39cdZf56Umy8t2LN5hrwkDhM0dw.jpg","/rHoc6Br9DUKxF7Gs7e9pTxmbTib.jpg"
"328372","Mall Cop Collection","Collection of the Mall Cop movies.","/29gIFb0wzsl2ArW9HZ2S2ERdDp4.jpg","/1JfnJvS5e1gGcUUZoQkIqVCBS4.jpg"
"334996","Son of Batman Collection","This collection expands the story line of Batman within the DC Animated Movie Universe.  Batman learns that he has a violent, unruly pre-teen son with Talia al Ghul named Damian Wayne who is secretly being raised by Ra's al Ghul and the League of Assassins. When Ra's al Ghul apparently dies after a battle with Deathstroke, Batman must work to stop his long-lost son from taking revenge and guiding him to a righteous path, in addition to the chance for the pair to truly acknowledging each other as family.","/sVvEkTNx6SjwOb80iyURe5KHtcD.jpg","/ze3Wnhbom7T37orabHMIiEGtoYF.jpg"
"337957","ABCD Collection","Any Body Can Dance is a series of movies around dance competitions. The movie revolves around lives of people who can't dance well and their struggles to win International competitions.","/hbr9WEchYQwYHZDtOh3HOg8usZE.jpg","/hofETJCDNZpEV98mc6cuomZOnne.jpg"
"341455","Tanu Weds Manu Collection","Tanu Weds Manu is a series of romantic drama films surrounding Indian marriage with Kangana Ranaut & Madhavan in lead roles.","/e5p8qOnamvP4U2INks61C8oftub.jpg","/cY1lEQu6sgofrKAVUigtXpOvZQZ.jpg"
"344830","Fifty Shades Collection","Follow Anastasia as she delves deeper and deeper in to the rabbit hole that is a 'relationship' with Christian Grey. An erotic tale of dominance and submission, of sex and love, and of the perception of control. Christian Grey, self made millionaire, bachelor, and someone who is always in control. Anastasia, university graduate, lover of books and reading, independent, and passionate.","/yBTMAk46juyFv1vFLyMg6QZtW4D.jpg","/qNc94aEFMtIbhv7GqQyJi7zUahW.jpg"
"350309","Bāhubali Collection","","/u6CmMSCuSA1GMn8o9Y2e5hNFlsX.jpg","/4YAX6AIFsU7gCCWAxoQ5ajdwSIN.jpg"
"363369","Pacific Rim Collection","An American science fiction mecha action film series which follows humanity fighting Kaiju, the giant monsters set on destroying the world.","/kiIqPO6IlGnwLmg5is5HS3lM62c.jpg","/mirLNoHhkBKRZMgpCSoQS33PFkm.jpg"
"376650","Ride Along Collection","An American buddy cop action comedy film series based on a story originally from Coolidge. It follows Ben Barber, a high school security guard who must prove to his girlfriend's brother, James Payton, that he is worthy of marrying her. James, a police officer out to catch Serbian smugglers' boss Omar, takes Ben on a ride along to prove himself.","/3ZX5hvXjMxWJ5joyJxmWJT5nZDo.jpg","/7bjrke8mdxWG3PnFgvipbEOhc0Q.jpg"
"382685","Now You See Me Collection","Now You See Me is a series of heist thriller films that focus on the actions of a team of illusionists named ""The Four Horsemen"" who pull off near impossible heists.","/scBzORmLqP00h8hPKS19TLtyRQm.jpg","/n0ygWnRip5RYnejdI6Lpwxov0x7.jpg"
"386162","LEGO DC Comics Super Heroes Collection","A collection of all the LEGO DC Comics Super Heroes movies starring the Justice League.","/xMSbYXiCstnssIdxAajbGST8lpI.jpg","/noBsTnvxo1G4DVd36kaKSbTtM1M.jpg"
"386382","Frozen Collection","The Frozen Collection includes the enchanting adventures of sisters Elsa and Anna, set in the magical kingdom of Arendelle. This captivating series features the beloved animated films ""Frozen"" and ""Frozen 2"", as well as the charming short films ""Frozen Fever"" and ""Olaf's Frozen Adventure"". Join Elsa, Anna, Olaf, and other unforgettable characters as they embark on journeys of self-discovery, friendship, and love while overcoming various challenges and obstacles.","/6QonAoIN0jhWZZWZGJswSxHzUnU.jpg","/dwdyvzFX9NEI7oFlRnZurRmlswQ.jpg"
"386534","Has Fallen Collection","""Has Fallen"" is a series of action-thriller films following the adventures of Secret Service Agent Mike Banning, President of the United States Benjamin Asher, and Vice President of the United States Allan Trumbull.","/kLGF2qFYVuETxMtHZJgaSGmXK1c.jpg","/kSHvhQ6RpmNgEfYEUqmPHEZbwxz.jpg"
"391860","Kingsman Collection","A British-American film series based on the adventures of the agents of Kingsman, a fictional secret organization. The series began with the recruitment of an unrefined—but promising—street kid into the agency's ultra-competitive training program.","/4RvHJHSuQUKRzUx8h6a8VAxvbIE.jpg","/iR8L2XHA72wmYHc6O8LZmwV5hd5.jpg"
"400700","Neighbors Collection","A comedy film series that follows a couple, Mac & Kelly Radner, who come into conflict with a fraternity, led by Teddy Sanders that has recently moved in next door. They later come into conflict with a new sorority, led by Shelby that rents next door.","/x5S20jb15ruRQd0gY1ZST9dJP7b.jpg","/iBPR2I6kByq7ZwBnwXVrYOHRj4U.jpg"
"401562","Teenage Mutant Ninja Turtles (Remake) Collection","An American superhero film series based on the fictional superhero team of the same name created by Kevin Eastman and Peter Laird. These served as a reboot to the original live-action films.","/tfpOdV9gvqbGJEeLGSu5X1vOLKV.jpg","/i3DywIl37k83YXWreQGIcWNF7kL.jpg"
"401655","Welcome Collection","Welcome is a Indian masala comedy film series directed by Anees Bazmee and produced by Firoz A. Nadiadwala and Ronnie Screwvala under the banner of UTV Motion Pictures.","/o6TovCR70JfWJ1jJINHYU8S5AJ3.jpg","/trSYzh8taWG5EyAIMA6OoRDFmsw.jpg"
"403374","Jack Reacher Collection","An action crime thriller film series based on novels by author Lee Child based on Jack Reacher. Reacher roams the United States taking odd jobs and investigating suspicious and frequently dangerous situations.","/vViRXFnSyGJ2fzMbcc5sqTKswcd.jpg","/qtafXiYDUMKxzsssU41qWey5oiT.jpg"
"404609","John Wick Collection","A neo-noir action thriller film series that follows Jonathan 'John' Wick, a former assassin, who comes out of retirement seeking vengeance for the theft of his vintage car and the murder of the puppy his deceased wife left to him.","/fSwYa5q2xRkBoOOjueLpkLf3N1m.jpg","/xUidyvYFsbbuExifLkslpcd8SMc.jpg"
"404825","Wreck-It Ralph Collection","A computer-animated action-adventure comedy film series that follows the adventures of video game characters from Litwak's Family Fun Center & Arcade: Wreck-It Ralph, the antagonist of the arcade game Fix-It Felix Jr; Vanellope von Schweetz, a racer/glitch in Sugar Rush; Fix-It Felix Jr., a repairman who is the hero of Fix-It Felix Jr; Sergeant Tamora Jean Calhoun, the lead character of Hero's Duty and many other characters that are introduced along the way.","/maHMw00WEuUzi4hoXxXQAGLntfH.jpg","/xB6s6TGVziDuMbcIjiqgVTvnWUs.jpg"
"419784","Masti Collection","Masti is a series of Indian adult comedy films. The series is directed by Indra Kumar and produced by Ashok Thakeria. The series stars Vivek Oberoi, Aftab Shivdasani and Ritesh Deshmukh in principal roles.","/bAvO5OvhT1Foa1WXuE6l1IxakAy.jpg","/QnoIlBnxDwn90pTOqJeK6b7rJi.jpg"
"422834","Ant-Man Collection","A superhero film series based on the Marvel Comics character Ant-Man, and part of the Marvel Cinematic Universe (MCU) series. The series is centered on Scott Lang, an ex-convict that stole a suit that allows him to change his size. Hank Pym, the original Ant-Man, discovered the subatomic particles that make the transformation possible. Hank mentors Scott to take over the superhero alias.","/2KjtWUBiksmN8LsUouaZnxocu5N.jpg","/qxMs5TU6zOTQ7cbmBZ6xGvHUDa2.jpg"
"422837","Blade Runner Collection","An American neo-noir science-fiction film series set in a dystopian Los Angeles, depicting a future in which synthetic humans known as ""replicants"" are bio-engineered by the powerful Tyrell Corporation, to work on off-world colonies. Based on the novel ‘Do Androids Dream of Electric Sheep?’","/bSHZIvLoPBWyGLeiAudN1mXdvQX.jpg","/qTcATCpiFDcgY8snQIfS2j0bFP7.jpg"
"425164","Dragon Ball Z Collection","The collection of movies from Dragon Ball Z","/7PcbijxTfwi9vjWEfXdS0ReAw8q.jpg","/2VMZ1zRFPnUQtQp5K4WRXvDYBjh.jpg"
"427084","The Secret Life of Pets Collection","The lives of a group of pets in Manhattan.","/fAibj0DIT8gk5jQtsEor66QKCsR.jpg","/d83LVydlQonKdshwQyLYx48D3LH.jpg"
"429409","Force Collection","Force is a series of Indian action-thriller films, produced by Vipul Amrutlal Shah under the banner of Sunshine Pictures Pvt. Ltd. The movies star John Abraham as the protagonist.",,"/tClih7DgBUA2oJTrjbkGfolV3yV.jpg"
"442646","New Initial D Collection","The film trilogy retells the beginning of the story from Shuuichi Shigeno's original car-racing manga. High school student Takumi Fujiwara works as a gas station attendant during the day and a delivery boy for his father's tofu shop during late nights. Little does he know that his precise driving skills and his father's modified Toyota Sprinter AE86 Trueno make him the best amateur road racer on Mt. Akina's highway. Because of this, racing groups from all over the Gunma prefecture issue challenges to Takumi to see if he really has what it takes to be a road legend.","/lgNJQyS39YjvH5Bl66mx10qsYcv.jpg","/xQwPZNenOhGZYhZqRF3VLYYN0eI.jpg"
"448150","Deadpool Collection","A film series on the anti-superhero of the same name. A funnier and humorous side of X-Men.","/hBQOWY8qWXJVFAc8yLTh1teIu43.jpg","/30c5jO7YEXuF8KiWXLg9m28GWDA.jpg"
"453993","The Wolverine Collection","A superhero film series based on the comic book character of the same name published by Marvel Comics. The series centers on Wolverine a mutant possesses animal-keen senses, enhanced physical capabilities, powerful regenerative ability known as a healing factor, and three retractable claws in each hand. Wolverine's alter ego is James Howlett and he is also known as Logan or Weapon X.","/hbNMx7sxxqvkX8rLOsTryiSrCPY.jpg","/c18HVnKTybcAUYVQd8rOcdbqwY.jpg"
"464270","The Man from Earth Collection","The Man from Earth Collection","/qFmRn6T7vM0EuOwbeiGkWabluQJ.jpg","/8qkYt13q4VDT0y8n0Ioew2AssFJ.jpg"
"464577","The Croods Collection","The prehistoric adventures of the first modern family, The Croods.","/8MjzBahFKCuQbwytpPPds7qboQa.jpg","/xXkgOq23Me45PHXsCPQz5nvmlXt.jpg"
"466894","Teen Titans Collection","This collection expands the story line of the Teen Titans within the DC Animated Movie Universe. Robin is sent by Batman to work with the Teen Titans after his volatile behavior botches up a Justice League mission. The Titans must then step up to face Trigon after he possesses the League and threatens to conquer the world.  Tara Markov is a girl who has power over earth and stone; she is also more than she seems. Is the newest Teen Titan an ally or a threat? And what are the mercenary Deathstroke's plans for the Titans?","/zY2h6jGkAxBxkVYrIndqf9oz5iE.jpg","/9A6vlFLgqCfv8YGRDC7yYGpdtQ4.jpg"
"468222","The Incredibles Collection","The Incredibles Collection is an American animated film series produced by Disney and created by Pixar Animation Studios.","/6oi6V1O9MJRNnfV8E9JMntmFqBD.jpg","/xMX1jZyObVeWUxDQmt53X6jzIO4.jpg"
"468552","Wonder Woman Collection","A Film series based on the DC Comics superhero Wonder Woman.","/n9KlvCOBFDmSyw3BgNrkUkxMFva.jpg","/8AQRfTuTHeFTddZN4IUAqprN8Od.jpg"
"477962","It Collection","A two film adaptation of Stephen King's novel of the same name. The franchise centers around a group of seven children living in Derry, Maine, who are terrorized by an eponymous being only to face their own personal demons in the process. This being returns to haunt the children every 27 years. The second installment, It Chapter Two follows the group 27 years after the events of the first installment.","/ayvH5IW5eDOa28WfSjnkYMii73d.jpg","/tZ55C7gPExwzvBLCsZMqFZMbB2I.jpg"
"483464","Golmaal Collection","Gopal, Lucky, Madhav and Laxman - four guys bound together by their child-like notoriety, aimlessness and petty business of conning people for fun and money. Laxman is an intelligent student who is not allowed to pass by his mischievous band of friends Gopal, Madhav and mute Lucky. This is because all four friends use his hostel room to conduct their activities. He is peer-pressured into running a series of scams in order to earn himself and his friends some money. Once thrown out of college bag-n-baggage, the naughty foursome finds refuge in the bungalow of a blind couple as their grandson. A cat mouse game unfolds as Laxman's body and Gopal's voice makes for Sameer (The grandson from US).","/36q8lTey7UrgzTQoRtgrYl7FpDA.jpg","/sVR6b6Airix8hyvEES838dkqSaG.jpg"
"484529","Murder Collection","Murder is a series of Indian thriller films produced by Mukesh Bhatt and Mahesh Bhatt. The first film was directed by Anurag Basu was released in 2004, second film by Mohit Suri was released in 2011, and third film by Vishesh Bhatt was released in 2013.","/zKvn9nhlmGzWOTdEC4VPUXtEzoV.jpg","/aKPlQwfmTmsPyssPh0387onFohl.jpg"
"485645","Tiger Collection","An Indian superspy falls for his beautiful target as his mission turns deadly in this adrenalized action thriller starring Salman Khan and Katrina Kaif.",,"/lvonQKsvBsr1Gy72rbNag6ABh2Y.jpg"
"487376","Bad Moms Collection","A comedy film series that follows three mothers: Amy, Carla & Kiki.","/4jZkEwRWYavVbPju2vt5pdcMXhG.jpg","/lbfuba6LomsBy52bYyKsH2exmQY.jpg"
"488924","Paddington Collection","A series of films based on the stories of the character of the same name created by Michael Bond. These follow the eponymous character Paddington, an anthropomorphic bear who migrates from the jungles of Peru.","/toCfwADOGcjizpfJ22G7kurBEUG.jpg","/zvMcT9kPOj5sqY7r1XQRjcey1o6.jpg"
"495527","Jumanji Collection","A series of films based around a 1981 fantasy children's picture book of the same name, written and illustrated by the American author Chris Van Allsburg. They follow the adventures of various people who find themselves imperiled when playing a magic board game called Jumanji that will either trap players within its dangerous jungle world or unleash its menaces into the real world. Ultimately, the only way to end the disruptions is to finish the game while enduring its resulting dangers with each succeeding move, after which everything is restored to normal outside of the players' memories.","/9PCsWrw1GvrZkrd1GCxRqscgZu0.jpg","/2uiFzgsGLSA5rI7ElalXEOQub7D.jpg"
"499115","Kahaani Collection","Kahaani series is a mystery thriller series with Vidya Balan as the protagonist.","/jkuVmlODVv19JIG3WOqck1NRdlF.jpg","/920Rdqj4LkRLkwxkExe1Eu2fw4N.jpg"
"505479","Pyaar Ka Punchnama Collection","The story of three bachelors who find girls whom they fall in love with and the twists and turns of the newly developing love stories.","/tCcXxujtGoSjbxrNmQkLLMiEBim.jpg","/qGE8SUFczhqpXUUVSb5i0RXC5ca.jpg"
"506940","Baaghi Collection","Baaghi is a series of Indian Hindi-language action thriller films. All films are produced by Sajid Nadiadwala under the banner of Nadiadwala Grandson Entertainment. The first film Baaghi was released in 2016 is directed by Sabbir Khan and the second and third films Baaghi 2 (2018) and Baaghi 3 (2020) are directed by Ahmed Khan.","/yy7QokO7xNrwlaRjHYcDePuS49n.jpg","/uuolaInUODfOY1Xnfun59Z4aCac.jpg"
"508783","Goosebumps Collection","A horror comedy film series based on the children's horror book series Goosebumps by R. L. Stine. The plots revolves around monsters, demons and creatures escaping from their books/manuscripts, wreaking havoc in the real world.","/hMOwqSghhz4AStkXxCjL1BjXdV0.jpg","/yPCRkqQpvQXuhFHIngKFATriPS2.jpg"
"518165","Deep Blue Sea Collection","Deep Blue Sea is a 1999 American science-fiction horror film directed by Renny Harlin. It stars Saffron Burrows, Thomas Jane, Samuel L. Jackson, Michael Rapaport, and LL Cool J. Two direct-to-video sequels followed in 2018 and 2020.","/3ODz60vl6rEE6n8NBEWKRml66ga.jpg","/uXwCGEP2MDWervdZ3v7EQ7DjOGh.jpg"
"519457","The Boss Baby Collection","The adventures of Tim and his brother, Ted, A.K.A. the Boss Baby.","/n2opkcFxIGc0plZJs45CAH8IjiF.jpg","/pHUMxUOHI6sRk4uGSpDdQPM2WaV.jpg"
"521226","A Quiet Place Collection","A series of films that revolve around people struggling to survive in a post-apocalyptic world inhabited by blind extraterrestrial creatures with an acute sense of hearing.","/r0uGgKhyYuQgPMe0SZQD7n8aj1g.jpg","/gRj1xzwDLRnSWDeqTQZFOg0y1VB.jpg"
"525891","Escape Plan Collection","The Escape Plan film series are composed of action-thriller movies based on characters created by Miles Chapman and Arnell Jesko. The films are centered on a businessman and skilled structure engineer name Ray Breslin, who is best known for being the world's greatest escape artist. Breslin also helps design detention centers with the most intense levels of security. The series stars Sylvester Stallone, with a supporting cast including Arnold Schwarzenegger, Dave Bautista and Curtis ""50 Cent"" Jackson as members of Breslin's team.  Courtesy Wikipedia®","/zQao2h92RYNmhqCvmiReIHcz3Xp.jpg","/yzYPg7GiB8oZOpT6QTWRVPGaGdC.jpg"
"529892","Black Panther Collection","Wakanda and its metropolis, dominated by modern high-rise buildings, is a technically advanced nation in Africa that is cut off from the outside world and pretends to be a poor third world country. Thanks to a meteorite impact and a resulting source of raw material, the only local metal vibranium, the African country can make itself invisible to the rest of the world under a huge camouflage device. Also, because the source of progress could wreak havoc in the wrong hands, the early leaders of Wakanda opted for isolation, which continues to this day.","/yzVxUMYGKjK3GgmVI2BhmbuL9UY.jpg","/qT1JPO6IltC2B39QAriAg7SelMx.jpg"
"531241","Spider-Man (Avengers) Collection","A superhero film series based on the Marvel character Spider-Man, portrayed by Tom Holland. The series is centered on Peter Parker, an academically gifted but socially inept high school student who fights crime as Spider-Man, a member of The Avengers.","/AvnqpRwlEaYNVL6wzC4RN94EdSd.jpg","/nogV4th2P5QWYvQIMiWHj4CFLU9.jpg"
"531242","Suicide Squad Collection","Film series based on DC Comics antihero team of characters, Suicide Squad.","/e0uUxFdhdGLcvy9eC7WlO2eLusr.jpg","/bdgaCpdDh0J0H7ZRpDP2NJ8zxJE.jpg"
"531315","The Angry Birds Collection","Film series based on the Angry Birds video game series","/oJJn0LcSTnDp2K4f5NmjFCOHXNC.jpg","/reWbYrGYuT5MWS9Oe00OQt64xvp.jpg"
"531330","Top Gun Collection","Film series based on the character Lieutenant Pete ""Maverick"" Mitchell, a US Naval Aviator.","/eNupRRVv0a4dkVTxOMvG7LhNBaq.jpg","/wtpIx0Gsra1IGHH8af5kNK90Xy8.jpg"
"531331","Maleficent Collection","Disney film series based on the iconic villain from 'Sleeping Beauty', a fierce beautiful woman named Maleficent.","/lTwaU142KVz4wFPjuGq0OKVjl7P.jpg","/fIDwCnWcjro8XIn6m9nhXypb2PL.jpg"
"537982","Zombieland Collection","A series of films centering on a group of survivors making their way through a zombie apocalypse which resulted from a strain of mad cow disease that mutated into ""mad person disease"" that became ""mad zombie disease"". Survivors of the zombie epidemic have learned that growing attached to other survivors is not advisable because they could die at any moment, so many have taken to using their city of origin as nicknames.","/xND97nArZixB25GxyKtYN7gCpk7.jpg","/ofvHzFYLb4TldTs82iHmvf2h71H.jpg"
"546428","Namastey London Collection","A man takes his thoroughly-British daughter to his home country, India. There, he arranges her marriage to someone she considers a fool. The daughter attempts to outwit them, but the groom quietly and patiently hatches his own plan.",,
"553717","Creed Collection","Former World Heavyweight Champion Rocky Balboa serves as a trainer and mentor to Apollo Creed's son, Adonis. These films are both spin-offs and sequels to the Rocky film series.","/qIRBVovMpYsEi5LUXN4WULYXLpC.jpg","/c5iwhO9Oqx5zusx0VeaoyxP50Wr.jpg"
"557687","Rock On Collection","Rock On movies follow the lives of a rock band that has broken up and follows their lives in the past and present.",,"/4hWHEvCwZZpvAsoCFkREAbDje5C.jpg"
"557748","Jolly LLB Collection","Jolly LLB is a series of Indian Hindi-language courtroom black comedy-drama film, written and directed by Subhash Kapoor and produced by Vijay Singh, under Fox Star Studios.",,"/yGsU54DLIrct2c2hiXxr7a7dzsh.jpg"
"557749","Judwaa Collection","Judwaa movies are about twins who were separated at birth.",,
"558216","Venom Collection","A frustrated journalist named Eddie Brock and a carnivorous black symbiote unite to become the monstrous antihero Venom and battle both good and evil alike. Based on the Marvel Comics character.","/rhLspFB1B8ZCkWEHFYmc3NKagzq.jpg","/670x9sf0Ru8y6ezBggmYudx61yB.jpg"
"569738","To All the Boys Collection","Lara Jean’s love life goes from imaginary to out of control when her secret letters to every boy she’s ever fallen for are mysteriously mailed out.","/rXBWUDyoujPMcznBsqpetZvWjDF.jpg","/bepYJrdm1avg6cUJcimBO6W2pHs.jpg"
"572498","Robot Collection","The adventures of Chitti the robot",,"/gbvl8WTff9O0elz2JyAppJ2lauA.jpg"
"573436","Spider-Man: Spider-Verse Collection","Spider-Man animated film series focusing on Miles Morales.","/14F6gMaRjzgsN6EEpiwH87R1I00.jpg","/eD4bGQNfmqExIAzKdvX5gDHhI2.jpg"
"573693","Aquaman Collection","Film series focusing on DC Comics character Aquaman.","/5iidzov8DrsSyZdefeo7jBLDNUW.jpg","/rNQompSTfAG5O2iXSH8Phay4L45.jpg"
"575987","The Girl - Millennium Collection","The American adaptation film series of the Swedish psychological crime thrillers based on the Millennium series of novels by Stieg Larsson. Due to Stieg sudden death in 2004, Swedish author and crime journalist David Lagercrantz was commissioned to continue the Millennium series featuring Larsson's characters.","/oCInm8wwTCIk6ElzHiXuhL2K7om.jpg","/eZEAiTIF3DrnWdDLz25ibINs5iJ.jpg"
"591028","A Dog's Purpose Collection","A dog goes on quest to discover his purpose in life over the course of several lifetimes with multiple owners.","/7QtTnJQDnRnRu2FvCTJoPMPN8hp.jpg","/r4AXWzkdj0tllsodNUhDyPsVZNJ.jpg"
"605068","Once Upon a Time in Mumbai Collection","Once Upon a Time in Mumbai is a series of Gangster movies depicting the underworld in Mumbai.",,"/2mOmyxUWLuV2DtHImgLxT2IBvKB.jpg"
"605516","Journey Collection","A modern adaptation of the universe of Jules Verne, thus transposed to our time, at the beginning of the 21st century.","/sK2254GsBZIEVIEChbrkyXzvlTm.jpg","/rm6gnRcaf7rPLOIfqY28QVBO6AZ.jpg"
"606601","Commando Collection","Commando is a series of Indian Hindi-language action thriller films produced by Vipul Amrutlal Shah under the banner of Sunshine Pictures. The series follows the story of an Indian Commando named ""Karanveer Singh Dogra"" (Karan) (Vidyut Jammwal) and his missions","/zf34PfHMPFyR2aU1vAcYYuc0Axe.jpg","/pseZJdKNby6SdL947uWevhyxDA7.jpg"
"618529","Doctor Strange Collection","This series tells the story of neurosurgeon Stephen Strange who, after losing the ability to use his hands after a car accident, seeks the help of The Ancient One to become a Master of the Mystic Arts known as Doctor Strange.","/7gHpxMRnrLvx3BGkmelB11pNrG6.jpg","/7skz5CK46qJm1ekS8Sz3UCOOo8D.jpg"
"619537","Train to Busan Collection","Director Yeon Sang-ho's series to Busan","/qFKb25O9ROiGYt3GwtuXG5Lb2J.jpg","/kFDOQSryQ4ME5i8kJtq5jiHH5h8.jpg"
"620873","Dragon Ball Super Collection","The collection of movies from Dragon Ball Super.","/b0v9EM3fFA3t5uJ9uonPcHHbxMW.jpg","/bv2D2jCsZjyaiWQ72ZFAsOlMNT2.jpg"
"623911","Captain Marvel Collection","Captain Marvel is a 2019 - 2022 American superhero film series based on the Marvel Comics character Carol Danvers. The films are produced by Marvel Studios and distributed by Walt Disney Studios Motion Pictures.","/ubZUKycnQldt2umj0bPD2VwXDJM.jpg","/mHiMmryCureDvoAOlGP6o3oXT8Y.jpg"
"635922","47 Meters Down Collection","A series of survival horror films, where the plot is based on surviving and escaping sharks.","/6prLHzEHOMaMEr9OMpV93TPrwJN.jpg","/nqBIYSgpmXKk5O0tAHKI3iGfvir.jpg"
"657153","K.G.F Collection","K.G.F Film series.","/mrAEHLyNgKJg40p047TzqTq8wEv.jpg","/mvI4ZbIfu4KOfoxMhRqXnqrOYvW.jpg"
"702624","After Collection","After is a 2019 American romantic drama film directed by Jenny Gage, based on the 2014 new adult fiction novel of the same name by Anna Todd. The film stars Josephine Langford and Hero Fiennes Tiffin, and follows an inexperienced teenage girl who begins to romance a mysterious student during her first months of college. A sequel, After We Collided, was released in the United States on October 23, 2020.","/zZTy8G3sEVZNv0yGssgc7DvPUQJ.jpg","/250ewaLutOJXqBBqMKxCHD1KpCL.jpg"
"720879","Sonic the Hedgehog Collection","Follows the adventures of Sonic the hedgehog an anthropomorphic hedgehog born with the ability to run faster than the speed of sound, hence his name, and possesses lightning-fast reflexes to match his speed.","/l5CIAdxVhhaUD3DaS4lP4AR2so9.jpg","/fwFWhYXj8wY6gFACtecJbg229FI.jpg"
"722971","Knives Out Collection","Detective Benoit Blanc solves mysteries.","/G7qYINSq5xyDd0I0zn3DpAssA0.jpg","/q8qrqIOwfx0Usp9xMRRB2g4dwYw.jpg"
"724848","Shazam! Collection","A series of movies about foster siblings, who transform into superheroes by saying ""Shazam!"".","/vNFGaJCPRnGkDJhzZcEZ3llmcvi.jpg","/7eskWm1guoeWJ0tLV7aXkyvIzcI.jpg"
"725873","Unbroken Collection","A chronicle of the life of Louis Zamperini, an Olympic runner who was taken prisoner by Japanese forces during World War II.","/lKGpkVJAPVM2mILBrHBDFnyDqdQ.jpg","/3YQC0YzuCqNDJT36h2Y6OII0D6T.jpg"
"726865","Baby Driver Collection","The adventures of getaway driver ""Baby"", and his continues efforts to escape the life of crime.","/5YdNKuMXZhoIEalATwealQS69WC.jpg","/iT2MoPGJ3arMUPEjTyTmi6C5ZFO.jpg"
"726871","Dune Collection","The saga of Paul Atreides and his rise to power on the deadly planet Arrakis.","/93kdIQDf7Zwp5mzvo6RPa4UbgPW.jpg","/c1AiZTXyyzmPOlTLSubp7CEeYj.jpg"
"731067","Bird Box Collection","The continuing struggle of Malorie Hayes and she tries to survive in a world where you can’t see.",,"/xQdSZe4Az7A6YwsRNAsGDmCFmtR.jpg"
"735127","Extraction Collection","A series of action-thriller films focusing on the adventures of black market mercenary Tyler Rake.","/gxBbFVb2SUWtHTJQXjwAtEPTWcA.jpg","/r3UzhVpENoCb8n2bZPClWdhsSH8.jpg"
"738432","Dulhania Collection","The films in the 'Dulhania' (Bride) collection are directed by Shashank Khaitan.","/tgfAspSo5YZGbHGgKFeioMhzX1h.jpg","/gaxjhbBoOM5eppR0Z8eWwMI8BKY.jpg"
"738438","Shootout Collection","These films are based around encounters between Mumbai police and various gangsters; screenplays by Sanjay Gupta.",,
"742536","The Meg Collection","The adventures of Jonas Taylor, a deep sea diver who goes up against a thought-to-be extinct prehistoric shark.","/rNoyJmjdhgn30bVbvd8n3DJMocB.jpg","/7sAnVGMn5he5NZBZCE6fhDpA7fl.jpg"
"744686","Ab Tak Chhappan Collection","A series about a beat cop who uses hook or crook tactics to catch criminals.",,"/qXvDNIcGBfRCx1vOIUIvWUs1OL9.jpg"
"748401","Aladdin (Live-Action) Collection","The adventures of Aladdin, Jasmine and their friend - the Genie.","/m3zjBwnYm7AuJVyvd1n8zHxyKE2.jpg","/sSEUY7BDqGomCZpb0uOI2QEHrMK.jpg"
"748919","Don't Breathe Collection","A series of films focusing on a blind ex-military recluse with a tragic and vengeful past.","/dItuxD2MjMyrMykhHkLDHdZR7Ei.jpg","/b4mJz9qvh4i328aIO0Ciqqy2DGA.jpg"
"752958","Darna Hai Collection","Indian horror anthology films.","/44wzu8uzgSKr5EpPtbYj5sq4Qnh.jpg",
"762458","Scooby-Doo! Zombie Island Collection","Join Scooby-Doo, Shaggy and the Mystery Inc. gang as they win a vacation of a lifetime and attempt to put their mystery solving days behind them. As soon as they arrive to the tropical island, Velma, Daphne and Fred can’t help but notice how strangely familiar this island is, to a terrifying trip they once took decades ago. Hop on board and travel with Scooby-Doo and the gang, as they unearth the mystery of Zombie Island in an original movie adventure! SCOOBY-DOO ON ZOMBIE ISLAND - Scooby-Doo, the world's wackiest cowardly canine, Shaggy and the rest of the gang return for another animated, spine-tingling comic misadventure. This time the intrepid investigators explore a haunted house inhabited by grim ghosts and grotesque zombies on spooky Moonscar Island.","/dDD9Nn8l6UkKOboCG33jxBAoLmr.jpg","/zP0EuAjQJpkexZ6H4lKDlqyxtWH.jpg"
"762512","The Lion King (Reboot) Collection","The adventures of Simba.","/jIgM7YNVft0YGeXsqrh3oG5TWLx.jpg","/dGpIRn4Nqi63JO1RlKxjcPbQSAw.jpg"
"769423","Escape Room Collection","Escape Room is a 2019 American psychological horror film following a group of people who are sent to navigate a series of deadly escape rooms. A sequel, Escape Room: Tournament of Champions, was released on July 16, 2021.","/jMdEW5QcRZ7WShJo3ZsMgNGdJIJ.jpg","/6xjebYUN0vxRvZRcItlSf0rRIJ0.jpg"
"772601","Dostana Collection","Dostana 1 & 2",,
"779062","Knocked Up Collection","The Films Knocked Up and This is 40","/ynxnIAX1HJJnALOqdHUlhnzDiOi.jpg","/ivembWTQGGPL4YbymkV1qHkquZ4.jpg"
"781195","Ben 10 (Live Action) Collection","Live action films featuring Ben 10.","/8nmvdnHAEvyrcFCtGrKtJtJZlz3.jpg","/aYxc6GOxk32E1zi4PY7CJAITzp.jpg"
"785583","Batman: The Long Halloween Collection","A two-part collection based on the highly popular graphic novel, where Batman must stop a mysterious killer named Holiday, who murders people on holidays each month.","/gqhaRMFbwikUGIO4YfiwfSGgzJw.jpg","/1teF9hwrtAwgaUfuqz8JWYKkt7R.jpg"
"829687","Go Goa Gone Collection","A collection of India's first zom-com movies.",,
"848922","The Tomorrow War Collection","A collection of science fiction action films starring Chris Pratt as a ex-soldier recruited to fight in a future war.","/yKSNSOwHOeiZv2DxwHAlpiEXBB4.jpg","/3YylRW8holkhX6IkOUxAy93DWWs.jpg"
"861415","Free Guy Collection","A collection of films focusing on a bank teller a bank teller named Guy who realizes he is a background character in an open world video game.","/9aDeWSxwfpOFjpw1XwRjLGnlcJm.jpg","/o9iYeSBx7lwWRDEt8QPWbKZZlJm.jpg"
"868884","Lucy Collection","A series of films in the worldof Luc Besson's 2014 film Lucy.","/hVYYMWELLoA2lGoouMI3RXQieag.jpg","/tUTIFGdfsdJ9U8iEc4FZUArWiYn.jpg"
"870339","The Accountant Collection","A collection of crime thriller films starring Ben Affleck.",,"/f26Yk7Ji6lBWXs6ApPBEX0NkXFP.jpg"
"912503","Shang-Chi Collection","The Shang-Chi franchise.","/4PHnWsIk71qFCzFElLCbx706p1m.jpg","/x9y9KmPa2RXavK39cwJx4w3AJ2y.jpg"
"920712","Bunty Aur Babli","Bunty and Babli are two avid dreamers. Two free souls born into caged small town realities. They grow weary of being two specks on the horizon. They desire the horizon itself.And so they pack their aspirations in worn out bags, whip a scarf of confidence around their proud necks and set forth. On a journey across the length and breadth of the country, spinning circles around the people they meet.",,"/oLoquYNB1wBxGSesJUMN3iyB8js.jpg"
"929336","Murder Mystery Collection","A series of murder comedy films centering on New York cop Nick Spitz and his wife Audrey Spitz.","/dsHP6PVJkMuJgftxHMHAhnYNqtG.jpg","/tXvqgUtguLjVVYqyAOy0eYtm5lH.jpg"
"932200","Red Notice Collection","A series of heist films centering around the characters of John Hartley, Nolan Booth, and The Bishop.","/sqUIwgrX76lVaf4LGC2nUUCWGu0.jpg","/5oxQZtiMkdJfgDav4fyUiXgBxjd.jpg"
"933989","Den of Thieves Collection","A series of action-crime films starring Gerard Butler.","/oCjCDF4LoBK0YtFhBEPpjE8FdcT.jpg","/4Hs8c9238X4mOPWlGo8rXbcgH65.jpg"
"935280","Pizza Collection","Pizza is an Indian horror film series. Each film starts with a fresh story unrelated with the preceding film's story. However, the theme and the pace remains the same.",,"/ryqvEwxaHrru82dIby1oSCzLmR4.jpg"
"945984","I Am Legend Collection","A series of post-apocalyptic films starring Will Smith as scientist Robert Neville.",,"/uZ2e6MmBdkce3sq2DgKh3RDNzhR.jpg"
"977824","Bhool Bhulaiyaa Collection","Bhool Bhulaiyaa Movies Collection",,"/3jJwqE1ggRA4slksG6lPSPjSSC5.jpg"
"978459","Hercules (Disney) Collection","The adventures of the son of Zeus.","/3sVSg21EUX2jWFdr0sgVM5EWVr1.jpg","/kII56bP4ySFFjkK0mSFGxmJi6iI.jpg"
"980604","Kabir Singh Collection","Kabir Singh and Dr. Preeti Sikka have a baby and they marry.",,
"980665","Heropanti Collection","Heropanti (2014) Directed by Sabbir Khan & Heropanti 2 (2022) Directed by Ahmed Khan","/wLbSsoRullhABWMg6hfdoSwhzWo.jpg","/uHWTpCwDxXb8IrpdQCTn6npOFr8.jpg"
"987044","Joker Collection","A series centering on a failed stand-up comedian who is driven insane and turns to a life of crime and chaos in Gotham City while becoming an infamous psychopathic crime figure.","/k1YC7mFLvxX4bbD7P8lkcML0Jek.jpg","/jmopX21dlCinxmzd8KLOBFeN2P9.jpg"
"1021287","Villain Collection","One-sided lovers become serial killers in the series of villain movies.","/qjEuO2odcCOew4LA8BB1S35myKY.jpg",
"1022790","Inside Out Collection","Collection of movies featuring various personified emotions.","/bR8H6S3Jc2vhPvz2VWX0dQ3XTFV.jpg","/iLXWQ8034g1tQnAuI8MHqGmPY1Q.jpg"
"1029834","Drishyam Collection","Follows Vijay Salgaonkar and how one fateful night turns his and his family's life upside down.","/b0omVIe88I2gPIPmX87VYScMsx5.jpg","/4km501drlcXYqwWYNjo6f6nCetE.jpg"
"1036499","Hancock Collection","","/jLThpqWEyYb0WA25gg4pIoIKfJ7.jpg","/gav3Ro0znKPzDPdJW6MH5BfxTSE.jpg"
"1064555","Dreamworks Bible Stories Collection","Dreamworks Animations retellings of Bible Stories","/pClOShqKkJbVKlU5d1o9HBlWV0O.jpg","/kdCbDnyQEhJbbDt9RyAlpL10XYa.jpg"
"1068899","Fist of Fury Collection","Action martial arts film series.","/n8r2VWAFExMFR4BmEdJ5WW9ZTmM.jpg","/qiTf9uIH3XEdXnYe5L8yX3tGJm.jpg"
"1084247","Zootopia Collection","","/1WDssJDYInLA4Avg45lgy3WM6Ly.jpg","/3Yu9Zlxo3hJaUJpSRXEexks7jQ9.jpg"
"1109089","YRF War Collection","Follows Kabir, a secret agent.",,
"1145064","Dinesh Vijan's horror-comedy universe","Dinesh Vijan's horror-comedy universe is an Indian shared universe consisting of Hindi supernatural horror films.",,
"1150797","OMG Collection","A common man's tricky relationship with god and faith and how it is tested under extreme circumstances.",,"/mt1v9NhG4eGV823Owjp1IyfoMeU.jpg"
"1165242","Student of the Year Collection","A College that everyone wants it to be real but it's not, rivals turned friends, betrayal of one's love and teenage drama.",,
"1175592","Run All Night - Collection","Run All Night - Collection",,
