"TmdbId","Servie Type","Title","Movie Watched","Backdrop Path","Poster Path","Notes"
"19913","movie","(500) Days of Summer","true",,"/kHyDqSHP4PRifUQdo1GRhxyyXYz.jpg",
"333371","movie","10 Cloverfield Lane","true",,"/q8A39vcBDruhvoDTJd6L8a4lnTi.jpg",
"460713","movie","102 Not Out","true",,,
"44115","movie","127 Hours","true",,,
"3021","movie","1408","true",,,
"16996","movie","17 Again","true",,,
"584","movie","2 Fast 2 Furious","true",,,
"259720","movie","2 States","true",,,
"373449","movie","2.0","true",,,
"14161","movie","2012","true",,,
"64688","movie","21 Jump Street","true",,,
"187017","movie","22 Jump Street","true",,,
"20453","movie","3 Idiots","true",,,
"1271","movie","300","true",,"/1Gu1IzSzlqvFuoVEfHqzQxRPOGi.jpg",
"53182","movie","300: Rise of an Empire","true",,,
"20145","movie","36 China Town","true",,,
"403119","movie","47 Meters Down","true",,,
"38142","movie","5 Centimeters per Second","true",,,
"1824","movie","50 First Dates","true",,,
"40807","movie","50/50","true",,,
"56338","movie","7 Khoon Maaf","true",,,
"509585","movie","7500","true",,,
"18673","movie","8 x 10 Tasveer","true",,,
"441717","movie","96","true",,,
"431530","movie","A Bad Moms Christmas","true",,"/7ZUUszQmNcDYrH4LkNi9B21xL4C.jpg",
"9487","movie","A Bug's Life","true",,,
"381289","movie","A Dog's Purpose","true",,,
"881","movie","A Few Good Men","true",,,
"396643","movie","A Flying Jatt","true",,,
"469872","movie","A Gentleman","true",,,
"47964","movie","A Good Day to Die Hard","true",,,
"15859","movie","A Moment to Remember","true",,,
"258230","movie","A Monster Calls","true",,,
"447332","movie","A Quiet Place","true",,"/okR5vEhy7tK8mIfMNLFpMK9LUJC.jpg",
"520763","movie","A Quiet Place Part II","true",,"/leDuZa07e2xFhaxihRsDsJCiRhZ.jpg",
"378064","movie","A Silent Voice: The Movie","true",,,
"332562","movie","A Star Is Born","true",,,
"169917","movie","A Walk Among the Tombstones","true",,,
"10229","movie","A Walk to Remember","true",,"/Apfl28wg3eHmz9REPHiyFVR5L5u.jpg",
"128246","movie","A Werewolf Boy","true",,,
"667520","movie","A Whisker Away","true",,,
"259399","movie","Aa Gale Lag Jaa","true",,,
"21982","movie","Aankhen","true",,,
"49518","movie","Aap Mujhe Achche Lagne Lage","true",,,
"192558","movie","Aashiqui 2","true",,,
"16566","movie","Ab Tak Chhappan","true",,,
"157293","movie","ABCD","true",,,
"336790","movie","ABCD 2","true",,,
"59965","movie","Abduction","true",,,
"828613","movie","About Fate","true",,,
"122906","movie","About Time","true",,,
"9788","movie","Accepted","true",,,
"3049","movie","Ace Ventura: Pet Detective","true",,,
"9273","movie","Ace Ventura: When Nature Calls","true",,,
"308165","movie","Action Jackson","true",,,
"49679","movie","Action Replayy","true",,,
"419704","movie","Ad Astra","true",,,
"429300","movie","Adrift","true",,,
"393445","movie","Ae Dil Hai Mushkil","true",,,
"537915","movie","After","true",,,
"82700","movie","After Earth","true",,"/gualRNIJI7edSVIAzyUu2sVPI2g.jpg",
"10923","movie","Agent Cody Banks","true",,,
"17047","movie","Agent Cody Banks 2: Destination London","true",,,
"85050","movie","Agent Vinod","true",,,
"84858","movie","Agneepath","true",,,
"375290","movie","Airlift","true",,,
"22315","movie","Aitraaz","true",,,
"493620","movie","Aiyaary","true",,,
"24827","movie","Ajab Prem Ki Ghazab Kahani","true",,,
"181462","movie","Akaash Vani","true",,,
"149","movie","Akira","true",,,
"812","movie","Aladdin","true",,,
"420817","movie","Aladdin","true",,,
"11238","movie","Aladdin and the King of Thieves","true",,,
"25868","movie","Aladin","true",,,
"8489","movie","Ali","true",,,
"20856","movie","Aliens in the Attic","true",,,
"399579","movie","Alita: Battle Angel","true",,,
"24603","movie","All the Best: Fun Begins","true",,,
"446791","movie","All the Money in the World","true",,,
"222936","movie","Aloha","true",,,
"86000","movie","Always","true",,,
"168672","movie","American Hustle","true",,,
"337170","movie","American Made","true",,,
"2105","movie","American Pie","true",,,
"2770","movie","American Pie 2","true",,,
"8274","movie","American Pie Presents: Band Camp","true",,,
"8277","movie","American Pie Presents: Beta House","true",,,
"26123","movie","American Pie Presents: The Book of Love","true",,,
"8275","movie","American Pie Presents: The Naked Mile","true",,,
"1359","movie","American Psycho","true",,,
"71552","movie","American Reunion","true",,,
"190859","movie","American Sniper","true",,,
"8273","movie","American Wedding","true",,,
"9360","movie","Anaconda","true",,,
"11237","movie","Anacondas: The Hunt for the Blood Orchid","true",,,
"109443","movie","Anchorman 2: The Legend Continues","true",,,
"8699","movie","Anchorman: The Legend of Ron Burgundy","true",,,
"58128","movie","Andaz Apna Apna","true",,,
"534780","movie","Andhadhun","true",,,
"606717","movie","Angrezi Medium","true",,,
"44566","movie","Anjaana Anjaani","true",,,
"291270","movie","Anomalisa","true",,,
"102899","movie","Ant-Man","true",,,
"363088","movie","Ant-Man and the Wasp","true",,,
"640146","movie","Ant-Man and the Wasp: Quantumania","true",,,
"297802","movie","Aquaman","true",,,
"95","movie","Armageddon","true",,,
"10204","movie","Around the World in 80 Days","true",,,
"329865","movie","Arrival","true",,,
"4435","movie","Aśoka","true",,,
"121856","movie","Assassin's Creed","true",,,
"16577","movie","Astro Boy","true",,,
"34144","movie","Atithi Tum Kab Jaoge?","true",,,
"4347","movie","Atonement","true",,,
"19995","movie","Avatar","true",,,
"76600","movie","Avatar: The Way of Water","true",,,
"99861","movie","Avengers: Age of Ultron","true",,,
"299534","movie","Avengers: Endgame","true",,,
"299536","movie","Avengers: Infinity War","true",,,
"391778","movie","Azhar","true",,,
"41902","movie","Baadshah","true",,,
"391629","movie","Baaghi","true",,,
"496316","movie","Baaghi 2","true",,,
"19657","movie","Baazigar","true",,,
"314389","movie","Baby","true",,,
"339403","movie","Baby Driver","true",,,
"15864","movie","Bachna Ae Haseeno","true",,,
"105","movie","Back to the Future","true",,,
"165","movie","Back to the Future Part II","true",,,
"38700","movie","Bad Boys for Life","true",,,
"8961","movie","Bad Boys II","true",,,
"376659","movie","Bad Moms","true",,,
"52449","movie","Bad Teacher","true",,,
"323517","movie","Badlapur","true",,,
"37822","movie","Badmaash Company","true",,,
"413646","movie","Badrinath Ki Dulhania","true",,,
"39839","movie","Baghban","true",,,
"350312","movie","Bāhubali 2: The Conclusion","true",,,
"256040","movie","Bāhubali: The Beginning","true",,,
"362045","movie","Bajirao Mastani","true",,,
"348892","movie","Bajrangi Bhaijaan","true",,,
"342473","movie","Ballerina","true",,"/60ZhK1FstSkC9Ms8lRWaTPm55kD.jpg",
"52696","movie","Band Baaja Baaraat","true",,,
"283589","movie","Bang Bang!","true",,,
"403517","movie","Banjo","true",,,
"456756","movie","Bank Chor","true",,,
"346698","movie","Barbie","true",,,
"127501","movie","Barfi!","true",,,
"272","movie","Batman Begins","true",,,
"209112","movie","Batman v Superman: Dawn of Justice","true",,,
"581997","movie","Batman vs Teenage Mutant Ninja Turtles","true",,,
"537056","movie","Batman: Hush","true",,,
"382322","movie","Batman: The Killing Joke","true",,,
"736073","movie","Batman: The Long Halloween, Part One","true",,,
"736074","movie","Batman: The Long Halloween, Part Two","true",,,
"339846","movie","Baywatch","true",,,
"1281","movie","Bean","true",,,
"451915","movie","Beautiful Boy","true",,,
"10202","movie","Bedtime Stories","true",,,
"5559","movie","Bee Movie","true",,,
"399624","movie","Befikre","true",,"/qLmBAaylw1viiWTjkurgYHz8Y9c.jpg",
"132344","movie","Before Midnight","true",,,
"76","movie","Before Sunrise","true",,,
"80","movie","Before Sunset","true",,,
"283350","movie","Before We Go","true",,,
"25642","movie","Ben 10 Alien Swarm","true",,,
"218779","movie","Besharam","true",,,
"206324","movie","Bhaag Milkha Bhaag","true",,"/bXywc0CEzS1fIshPWWi4V8A58U3.jpg",
"41188","movie","Bhagam Bhag","true",,,
"19025","movie","Bhool Bhulaiyaa","true",,,
"695962","movie","Bhool Bhulaiyaa 2","true",,,
"15974","movie","Bhoothnath","true",,,
"264085","movie","Bhoothnath Returns","true",,,
"177572","movie","Big Hero 6","true",,,
"332718","movie","Bilal: A New Breed of Hero","true",,,
"385360","movie","Billionaire Boys Club","true",,,
"16345","movie","Billu","true",,,
"405774","movie","Bird Box","true",,,
"194662","movie","Birdman or (The Unexpected Virtue of Ignorance)","true",,,
"31977","movie","Black","true",,,
"284054","movie","Black Panther","true",,,
"505642","movie","Black Panther: Wakanda Forever","true",,,
"44214","movie","Black Swan","true",,,
"497698","movie","Black Widow","true",,,
"512098","movie","Blackmail","true",,,
"335984","movie","Blade Runner 2049","true",,,
"14347","movie","Blame It on Rio","true",,,
"1372","movie","Blood Diamond","true",,,
"24595","movie","Blue","true",,,
"152584","movie","Blue Is the Warmest Color","true","/kMs1TGL1z2ckbrEojx1YGGeKisO.jpg",,
"19620","movie","Bluffmaster!","true",,,
"12113","movie","Body of Lies","true",,,
"73582","movie","Bodyguard","true",,,
"424694","movie","Bohemian Rhapsody","true",,,
"112936","movie","Bol Bachchan","true",,,
"13053","movie","Bolt","true",,,
"316654","movie","Bombay Velvet","true",,,
"228355","movie","Boss","true",,,
"348893","movie","Boyka: Undisputed IV","true",,,
"50099","movie","Break Ke Baad","true",,,
"400106","movie","Bright","true",,,
"7445","movie","Brothers","true",,,
"330037","movie","Brothers","true",,,
"310","movie","Bruce Almighty","true",,,
"718930","movie","Bullet Train","true",,,
"11763","movie","Bunty Aur Babli","true",,,
"398818","movie","Call Me by Your Name","true",,,
"271110","movie","Captain America: Civil War","true",,,
"1771","movie","Captain America: The First Avenger","true",,,
"100402","movie","Captain America: The Winter Soldier","true",,,
"299537","movie","Captain Marvel","true",,,
"920","movie","Cars","true",,,
"49013","movie","Cars 2","true",,,
"260514","movie","Cars 3","true",,,
"289","movie","Casablanca","true",,,
"36557","movie","Casino Royale","true",,,
"8358","movie","Cast Away","true",,,
"640","movie","Catch Me If You Can","true",,,
"314","movie","Catwoman","true",,,
"302699","movie","Central Intelligence","true",,,
"14163","movie","Chak De! India","true",,,
"161221","movie","Chal Mere Bhai","true",,,
"4252","movie","Chalte Chalte","true",,,
"30695","movie","Chance Pe Dance","true",,,
"20002","movie","Chandni Chowk to China","true",,,
"412656","movie","Chaos Walking","true",,,
"198184","movie","Chappie","true",,,
"118","movie","Charlie and the Chocolate Factory","true",,,
"37950","movie","Charlie St. Cloud","true",,,
"4327","movie","Charlie's Angels","true",,,
"9471","movie","Charlie's Angels: Full Throttle","true",,,
"16576","movie","Cheeni Kum","true",,,
"212778","movie","Chef","true",,,
"205022","movie","Chennai Express","true",,,
"596650","movie","Chhichhore","true",,,
"79707","movie","Children Who Chase Lost Voices","true",,,
"69891","movie","Chillar Party","true",,,
"417644","movie","CHiPS","true",,,
"28211","movie","Chloe","true",,,
"107548","movie","Chori Chori Chupke Chupke","true",,,
"19637","movie","Chup Chup Ke","true",,,
"150689","movie","Cinderella","true",,,
"730428","movie","Class of '83","true",,,
"9339","movie","Click","true",,,
"22794","movie","Cloudy with a Chance of Meatballs","true",,,
"7214","movie","Coach Carter","true",,,
"118051","movie","Cocktail","true",,,
"354912","movie","Coco","true",,"/6Ryitt95xrO8KXuqRGm1fUuNwqF.jpg",
"220289","movie","Coherence","true",,,
"345920","movie","Collateral Beauty","true",,,
"185640","movie","Commando - A One Man Army","true",,,
"444713","movie","Commando 2 -  The Black Money Trail","true",,,
"321741","movie","Concussion","true",,,
"39538","movie","Contagion","true",,,
"19899","movie","Couples Retreat","true",,,
"11299","movie","Cowboy Bebop: The Movie","true",,,
"50646","movie","Crazy, Stupid, Love.","true",,,
"312221","movie","Creed","true",,,
"480530","movie","Creed II","true",,,
"677179","movie","Creed III","true",,,
"51728","movie","Crook","true",,,
"291154","movie","Daawat-e-Ishq","true",,,
"44425","movie","Dabangg","true",,,
"147405","movie","Dabangg 2","true",,,
"360814","movie","Dangal","true",,,
"9480","movie","Daredevil","true",,,
"320288","movie","Dark Phoenix","true",,,
"801526","movie","Darlings","true",,,
"74481","movie","Darna Mana Hai","true",,,
"31983","movie","Darna Zaroori Hai","true",,,
"35053","movie","Darr","true",,,
"119450","movie","Dawn of the Planet of the Apes","true",,,
"2119","movie","Days of Thunder","true",,,
"25867","movie","De Dana Dan","true",,,
"207","movie","Dead Poets Society","true",,,
"293660","movie","Deadpool","true",,,
"383498","movie","Deadpool 2","true",,,
"22971","movie","Dear John","true",,,
"413543","movie","Dear Zindagi","true",,,
"351460","movie","Death Note","true",,,
"8914","movie","Deep Blue Sea","true",,,
"619979","movie","Deep Water","true",,,
"296524","movie","Deepwater Horizon","true",,,
"127531","movie","Deewaar: Let's Bring Our Heroes Home","true",,,
"8390","movie","Definitely, Maybe","true",,,
"67109","movie","Delhi Belly","true",,,
"449443","movie","Den of Thieves","true",,,
"79990","movie","Desi Boyz","true",,,
"20352","movie","Despicable Me","true",,,
"93456","movie","Despicable Me 2","true",,,
"324852","movie","Despicable Me 3","true",,,
"39204","movie","Detective Conan: Strategy Above the Depths","true",,,
"15917","movie","Devdas","true",,,
"504080","movie","Dhadak","true",,,
"35064","movie","Dhadkan","true",,,
"20413","movie","Dhamaal","true",,,
"767377","movie","Dhamaka","true",,,
"41511","movie","Dhan Dhana Dhan Goal","true",,,
"17478","movie","Dhoom","true",,,
"14194","movie","Dhoom 2","true",,,
"44977","movie","Dhoom 3","true",,,
"33217","movie","Diary of a Wimpy Kid","true",,,
"82650","movie","Diary of a Wimpy Kid: Dog Days","true",,,
"60307","movie","Diary of a Wimpy Kid: Rodrick Rules","true",,,
"65683","movie","Dil","true",,,
"22609","movie","Dil Bole Hadippa!","true",,,
"14752","movie","Dil Chahta Hai","true",,,
"338065","movie","Dil Dhadakne Do","true",,,
"13986","movie","Dil To Pagal Hai","true",,,
"55386","movie","Dil Toh Baccha Hai Ji","true",,,
"370665","movie","Dilwale","true",,,
"19404","movie","Dilwale Dulhania Le Jayenge","true",,,
"10567","movie","Dinosaur","true",,,
"291870","movie","Dirty Grandpa","true",,,
"393441","movie","Dishoom","true",,,
"284052","movie","Doctor Strange","true",,,
"17501","movie","Don","true",,,
"41109","movie","Don 2","true",,,
"138697","movie","Don Jon","true",,,
"300669","movie","Don't Breathe","true",,,
"482373","movie","Don't Breathe 2","true",,,
"141","movie","Donnie Darko","true",,,
"14071","movie","Dostana","true",,,
"301337","movie","Downsizing","true",,,
"503314","movie","Dragon Ball Super: Broly","true",,,
"39323","movie","Dragon Ball Z: Bardock - The Father of Goku","true",,,
"126963","movie","Dragon Ball Z: Battle of Gods","true",,,
"39105","movie","Dragon Ball Z: Bojack Unbound","true",,,
"34433","movie","Dragon Ball Z: Broly – The Legendary Super Saiyan","true",,,
"24752","movie","Dragon Ball Z: Cooler's Revenge","true",,,
"28609","movie","Dragon Ball Z: Dead Zone","true",,,
"39107","movie","Dragon Ball Z: Fusion Reborn","true",,,
"39102","movie","Dragon Ball Z: Lord Slug","true",,,
"303857","movie","Dragon Ball Z: Resurrection 'F'","true",,,
"39104","movie","Dragon Ball Z: Super Android 13!","true",,,
"39324","movie","Dragon Ball Z: The History of Trunks","true",,,
"39103","movie","Dragon Ball Z: The Return of Cooler","true",,,
"39101","movie","Dragon Ball Z: The Tree of Might","true",,,
"39100","movie","Dragon Ball Z: The World's Strongest","true",,,
"39108","movie","Dragon Ball Z: Wrath of the Dragon","true",,,
"352173","movie","Drishyam","true",,,
"64690","movie","Drive","true",,,
"19623","movie","Drona","true",,,
"11230","movie","Drunken Master","true",,,
"41733","movie","Due Date","true",,,
"63006","movie","Dum Maaro Dum","true",,"/j7ft3wiehDR9eiG3n0rOMxIUDaa.jpg",
"438631","movie","Dune","true",,,
"374720","movie","Dunkirk","true",,,
"58302","movie","Dus","true",,,
"37735","movie","Easy A","true",,,
"319888","movie","Eddie the Eagle","true",,,
"137113","movie","Edge of Tomorrow","true",,,
"84533","movie","Ek Main Aur Ekk Tu","true",,,
"85985","movie","Ek Tha Tiger","true",,,
"276935","movie","Ek Villain","true",,,
"976573","movie","Elemental","true",,,
"614934","movie","Elvis","true",,,
"68724","movie","Elysium","true",,,
"80274","movie","Ender's Game","true",,,
"181886","movie","Enemy","true",,,
"853","movie","Enemy at the Gates","true",,,
"9798","movie","Enemy of the State","true",,,
"118628","movie","English Vinglish","true",,,
"9461","movie","Enter the Dragon","true",,,
"1027014","movie","Entergalactic","true",,,
"148284","movie","Enthiran","true",,,
"116711","movie","Epic","true",,,
"107846","movie","Escape Plan","true",,,
"440471","movie","Escape Plan 2: Hades","true",,,
"522681","movie","Escape Room","true",,,
"38","movie","Eternal Sunshine of the Spotless Mind","true",,,
"9352","movie","EuroTrip","true",,,
"2698","movie","Evan Almighty","true",,,
"545611","movie","Everything Everywhere All at Once","true",,,
"109428","movie","Evil Dead","true",,,
"264660","movie","Ex Machina","true",,,
"545609","movie","Extraction","true",,,
"697843","movie","Extraction 2","true",,,
"345","movie","Eyes Wide Shut","true",,,
"61182","movie","F.A.L.T.U.","true",,,
"377985","movie","Fan","true",,,
"8453","movie","Fanaa","true",,,
"9738","movie","Fantastic Four","true",,,
"166424","movie","Fantastic Four","true",,,
"1979","movie","Fantastic Four: Rise of the Silver Surfer","true",,,
"19624","movie","Fashion","true",,,
"13804","movie","Fast & Furious","true",,,
"82992","movie","Fast & Furious 6","true",,,
"384018","movie","Fast & Furious Presents: Hobbs & Shaw","true",,,
"51497","movie","Fast Five","true",,,
"41283","movie","Faster","true",,,
"118032","movie","Ferrari Ki Sawaari","true",,,
"166027","movie","Fida","true",,,
"341174","movie","Fifty Shades Darker","true",,,
"337167","movie","Fifty Shades Freed","true",,,
"216015","movie","Fifty Shades of Grey","true",,,
"550","movie","Fight Club","true",,,
"17336","movie","Fighting","true",,,
"9532","movie","Final Destination","true",,,
"9358","movie","Final Destination 2","true",,,
"9286","movie","Final Destination 3","true",,,
"55779","movie","Final Destination 5","true",,,
"127380","movie","Finding Dory","true",,,
"283201","movie","Finding Fanny","true",,,
"12","movie","Finding Nemo","true",,,
"431819","movie","Fireworks","true",,,
"1368","movie","First Blood","true",,,
"11713","movie","Fist of Fury","true",,,
"527641","movie","Five Feet Apart","true",,,
"87502","movie","Flight","true",,,
"256591","movie","Focus","true",,,
"156288","movie","Fool N Final","true",,,
"75745","movie","Force","true",,,
"426558","movie","Force 2","true",,,
"359724","movie","Ford v Ferrari","true",,"/579BjDiFrK9VK8EnKZzYwtGGXCg.jpg",
"13","movie","Forrest Gump","true",,,
"87492","movie","Foxcatcher","true",,,
"18555","movie","Foxfire","true",,,
"550988","movie","Free Guy","true",,,
"787752","movie","Fresh","true",,,
"50544","movie","Friends with Benefits","true",,,
"44363","movie","Frozen","true",,,
"109445","movie","Frozen","true",,"/itAKcobTYGpYT8Phwjd8c9hleTo.jpg",
"326359","movie","Frozen Fever","true",,,
"168259","movie","Furious 7","true",,,
"228150","movie","Fury","true",,,
"4421","movie","G.I. Jane","true",,,
"72559","movie","G.I. Joe: Retaliation","true",,,
"14869","movie","G.I. Joe: The Rise of Cobra","true",,,
"337876","movie","Gabbar Is Back","true",,,
"445571","movie","Game Night","true",,,
"553456","movie","Game Over","true",,,
"456750","movie","Game Over, Man!","true",,,
"783","movie","Gandhi","true",,,
"117691","movie","Gangs of Wasseypur - Part 1","true",,,
"126400","movie","Gangs of Wasseypur - Part 2","true",,,
"19636","movie","Garam Masala","true",,,
"453405","movie","Gemini Man","true",,,
"10603","movie","George of the Jungle","true",,,
"274855","movie","Geostorm","true",,,
"13929","movie","Geri's Game","true",,,
"257091","movie","Get Hard","true",,,
"419430","movie","Get Out","true",,,
"11665","movie","Get Smart","true",,,
"14070","movie","Ghajini","true",,,
"315837","movie","Ghost in the Shell","true",,,
"334376","movie","Ghost in the Shell: The New Movie","true",,,
"1250","movie","Ghost Rider","true",,,
"71676","movie","Ghost Rider: Spirit of Vengeance","true",,,
"43074","movie","Ghostbusters","true",,,
"51216","movie","Ghulam","true",,,
"400928","movie","Gifted","true",,,
"744676","movie","Ginny Weds Sunny","true",,,
"478280","movie","Girl From Nowhere","true",,,
"661374","movie","Glass Onion: A Knives Out Mystery","true",,,
"191562","movie","Go Goa Gone","true",,,
"9763","movie","Goal!","true",,,
"9815","movie","Goal! II: Living the Dream","true",,,
"19139","movie","Goal! III : Taking On The World","true",,,
"26153","movie","God Tussi Great Ho","true",,,
"353070","movie","Going in Style","true",,,
"478682","movie","Gold","true",,,
"235984","movie","Goliyon Ki Raasleela Ram-Leela","true",,,
"19670","movie","Golmaal - Fun Unlimited","true",,,
"44978","movie","Golmaal 3","true",,,
"472123","movie","Golmaal Again","true",,,
"14546","movie","Golmaal Returns","true",,,
"210577","movie","Gone Girl","true",,,
"159434","movie","Good Boy, Bad Boy","true",,,
"257445","movie","Goosebumps","true",,,
"220714","movie","Grand Masti","true",,,
"12477","movie","Grave of the Fireflies","true",,,
"49047","movie","Gravity","true",,,
"403862","movie","Great Grand Masti","true",,,
"490132","movie","Green Book","true",,,
"44912","movie","Green Lantern","true",,,
"9766","movie","Gridiron Gang","true",,,
"38365","movie","Grown Ups","true",,,
"109418","movie","Grown Ups 2","true",,,
"118340","movie","Guardians of the Galaxy","true",,,
"283995","movie","Guardians of the Galaxy Vol. 2","true",,,
"38745","movie","Gulliver's Travels","true",,,
"491625","movie","Gully Boy","true",,"/ahvpTEPLsy3Er6RaoH0c9TOh1Rr.jpg",
"15772","movie","Guru","true",,,
"41518","movie","Guzaarish","true",,,
"28178","movie","Hachi: A Dog's Tale","true",,,
"324786","movie","Hacksaw Ridge","true",,,
"280795","movie","Haider","true",,,
"48988","movie","Hall Pass","true",,,
"339367","movie","Hamari Adhuri Kahani","true",,,
"8960","movie","Hancock","true",,,
"184341","movie","Hands of Stone","true",,,
"18126","movie","Hannah Montana: The Movie","true",,,
"9836","movie","Happy Feet","true",,,
"277432","movie","Happy New Year","true",,"/4AoOFTdpWOb2tBUrJB2bJF427Em.jpg",
"157800","movie","Har Dil Jo Pyar Karega","true",,"/fWDPaJQ8CKMuLGUdZZyTpkT9Mh9.jpg",
"13335","movie","Harold & Kumar Escape from Guantanamo Bay","true",,,
"11282","movie","Harold & Kumar Go to White Castle","true",,,
"672","movie","Harry Potter and the Chamber of Secrets","true",,,
"12444","movie","Harry Potter and the Deathly Hallows: Part 1","true",,,
"12445","movie","Harry Potter and the Deathly Hallows: Part 2","true",,,
"674","movie","Harry Potter and the Goblet of Fire","true",,,
"767","movie","Harry Potter and the Half-Blood Prince","true",,,
"675","movie","Harry Potter and the Order of the Phoenix","true",,,
"671","movie","Harry Potter and the Philosopher's Stone","true",,,
"673","movie","Harry Potter and the Prisoner of Azkaban","true",,,
"251626","movie","Hasee Toh Phasee","true",,,
"695969","movie","Haseen Dillruba","true",,,
"268860","movie","Hawaa Hawaai","true",,,
"1487","movie","Hellboy","true",,,
"11253","movie","Hellboy II: The Golden Army","true",,,
"39347","movie","Hello Brother","true",,,
"21614","movie","Hera Pheri","true",,,
"11451","movie","Herbie Fully Loaded","true",,,
"184315","movie","Hercules","true",,,
"11970","movie","Hercules","true",,,
"271200","movie","Heropanti","true",,,
"4157","movie","Heyy Babyy","true",,,
"10947","movie","High School Musical","true",,,
"252841","movie","Highway","true",,,
"456570","movie","Hindi Medium","true",,,
"47655","movie","Hisss","true",,,
"8488","movie","Hitch","true",,,
"273886","movie","Holiday","true",,,
"9383","movie","Hollow Man","true",,,
"771","movie","Home Alone","true",,,
"772","movie","Home Alone 2: Lost in New York","true",,,
"9714","movie","Home Alone 3","true",,,
"12536","movie","Home Alone 4","true",,,
"553604","movie","Honest Thief","true",,,
"9354","movie","Honey, I Shrunk the Kids","true",,,
"11425","movie","Honey, We Shrunk Ourselves","true",,,
"255709","movie","Hope","true",,,
"51540","movie","Horrible Bosses","true",,,
"227159","movie","Horrible Bosses 2","true",,,
"12222","movie","Horton Hears a Who!","true",,"/6k47Z3A5zI2rxubTMwiLyIqQLLr.jpg",
"58051","movie","Housefull","true",,,
"85052","movie","Housefull 2","true",,,
"391779","movie","Housefull 3","true",,,
"10191","movie","How to Train Your Dragon","true",,,
"82702","movie","How to Train Your Dragon 2","true",,,
"166428","movie","How to Train Your Dragon: The Hidden World","true",,,
"46387","movie","Hum Aapke Hain Koun..!","true",,,
"5319","movie","Hum Dil De Chuke Sanam","true",,,
"54814","movie","Hum Hain Rahi Pyar Ke","true",,,
"62883","movie","Hum Saath Saath Hain","true",,,
"4253","movie","Hum Tum","true",,,
"276928","movie","Humpty Sharma Ki Dulhania","true",,,
"165404","movie","Humraaz","true",,,
"273505","movie","Humshakals","true",,,
"21184","movie","Hungama","true",,,
"6479","movie","I Am Legend","true",,,
"40777","movie","I Hate Luv Storys","true",,,
"504253","movie","I Want to Eat Your Pancreas","true",,,
"171767","movie","I, Me aur Main","true",,,
"2048","movie","I, Robot","true",,,
"389015","movie","I, Tonya","true",,,
"425","movie","Ice Age","true",,,
"278154","movie","Ice Age: Collision Course","true",,,
"57800","movie","Ice Age: Continental Drift","true",,,
"8355","movie","Ice Age: Dawn of the Dinosaurs","true",,,
"950","movie","Ice Age: The Meltdown","true",,,
"15775","movie","If Only","true",,,
"49530","movie","In Time","true",,,
"27205","movie","Inception","true",,,
"260513","movie","Incredibles 2","true",,,
"47933","movie","Independence Day: Resurgence","true",,,
"207932","movie","Inferno","true",,,
"327796","movie","Initial D Battle Stage","true",,,
"19263","movie","Initial D Battle Stage 2","true",,,
"827669","movie","Initial D Battle Stage 3","true",,,
"277090","movie","Initial D Extra Stage","true",,,
"34384","movie","Initial D Extra Stage 2","true",,,
"80741","movie","Initial D: Third Stage","true",,,
"150540","movie","Inside Out","true",,,
"49018","movie","Insidious","true",,,
"91586","movie","Insidious: Chapter 2","true",,,
"262500","movie","Insurgent","true",,,
"157336","movie","Interstellar","true",,,
"5915","movie","Into the Wild","true",,,
"22954","movie","Invictus","true",,,
"11652","movie","Invincible","true",,,
"14756","movie","Ip Man","true",,,
"37472","movie","Ip Man 2","true",,,
"365222","movie","Ip Man 3","true",,,
"1726","movie","Iron Man","true",,,
"10138","movie","Iron Man 2","true",,,
"68721","movie","Iron Man 3","true",,,
"103640","movie","Ishaqzaade","true",,,
"29988","movie","Ishq","true",,,
"346364","movie","It","true",,,
"37725","movie","It's a Boy Girl Thing","true",,,
"59267","movie","Jaan-E-Mann","true",,,
"14467","movie","Jaane Tu... Ya Jaane Na","true",,,
"441906","movie","Jab Harry Met Sejal","true",,,
"132316","movie","Jab Tak Hai Jaan","true",,,
"11807","movie","Jab We Met","true",,,
"75780","movie","Jack Reacher","true",,,
"343611","movie","Jack Reacher: Never Go Back","true",,,
"137094","movie","Jack Ryan: Shadow Recruit","true",,,
"401285","movie","Jagga Jasoos","true",,,
"244237","movie","Jai Ho","true",,,
"4507","movie","Jamon Jamon","true",,"/4uC6ojjGHnerNtEW1c4PidVNKs.jpg",
"324668","movie","Jason Bourne","true",,,
"9390","movie","Jerry Maguire","true",,,
"679018","movie","Jersey","true","/mGEwXWPV7DXjM5FgmAC5sQbF8k5.jpg",,
"620725","movie","Jexi","true",,,
"14162","movie","Jhoom Barabar Jhoom","true",,,
"33202","movie","Jo Jeeta Wohi Sikandar","true",,,
"115782","movie","Jobs","true",,,
"14073","movie","Jodhaa Akbar","true",,,
"245891","movie","John Wick","true",,,
"324552","movie","John Wick: Chapter 2","true",,,
"458156","movie","John Wick: Chapter 3 - Parabellum","true",,,
"603692","movie","John Wick: Chapter 4","true",,,
"9486","movie","Johnny English","true",,,
"58233","movie","Johnny English Reborn","true",,,
"463272","movie","Johnny English Strikes Again","true",,,
"515001","movie","Jojo Rabbit","true",,,
"475557","movie","Joker","true",,,
"177358","movie","Jolly LLB","true",,,
"412090","movie","Jolly LLB 2","true",,,
"131940","movie","Josh","true",,,
"72545","movie","Journey 2: The Mysterious Island","true",,,
"88751","movie","Journey to the Center of the Earth","true",,,
"456565","movie","Judwaa 2","true",,,
"810693","movie","Jujutsu Kaisen 0","true",,,
"8844","movie","Jumanji","true",,,
"512200","movie","Jumanji: The Next Level","true",,,
"353486","movie","Jumanji: Welcome to the Jungle","true",,,
"329","movie","Jurassic Park","true",,,
"331","movie","Jurassic Park III","true",,,
"135397","movie","Jurassic World","true",,,
"351286","movie","Jurassic World: Fallen Kingdom","true",,,
"10025","movie","Just My Luck","true",,,
"141052","movie","Justice League","true",,,
"379291","movie","Justice League vs. Teen Titans","true",,,
"183011","movie","Justice League: The Flashpoint Paradox","true",,,
"297556","movie","Justice League: Throne of Atlantis","true",,,
"217993","movie","Justice League: War","true",,,
"564147","movie","K.G.F: Chapter 1","true",,,
"403867","movie","Kaabil","true",,,
"20132","movie","Kaal","true",,,
"366080","movie","Kabali","true",,,
"14395","movie","Kabhi Alvida Naa Kehna","true",,,
"10757","movie","Kabhi Khushi Kabhie Gham","true",,,
"577328","movie","Kabir Singh","true",,,
"82825","movie","Kahaani","true",,,
"16987","movie","Kaho Naa... Pyaar Hai","true",,,
"4254","movie","Kal Ho Naa Ho","true",,,
"10788","movie","Kambakkht Ishq","true",,,
"20688","movie","Kaminey","true",,,
"374173","movie","Kapoor & Sons","true",,,
"93519","movie","Karan Arjun","true",,,
"34764","movie","Karthik Calling Karthik","true",,,
"533237","movie","Karwaan","true",,,
"465656","movie","Kedarnath","true",,,
"498448","movie","Kesari","true",,,
"339927","movie","Kevin Hart: What Now?","true",,,
"21665","movie","Khakee","true",,,
"44565","movie","Khatta Meetha","true",,,
"161436","movie","Khiladi","true",,,
"147767","movie","Khiladi 786","true",,,
"291157","movie","Khoobsurat","true",,,
"390437","movie","Ki & Ka","true",,,
"280690","movie","Kick","true",,,
"23483","movie","Kick-Ass","true",,,
"59859","movie","Kick-Ass 2","true",,,
"19669","movie","Kidnap","true",,,
"24","movie","Kill Bill: Vol. 1","true",,,
"393","movie","Kill Bill: Vol. 2","true",,,
"274857","movie","King Arthur: Legend of the Sword","true",,,
"254","movie","King Kong","true",,,
"614917","movie","King Richard","true",,,
"343668","movie","Kingsman: The Golden Circle","true",,,
"207703","movie","Kingsman: The Secret Service","true",,,
"15467","movie","Kismat Konnection","true",,,
"5236","movie","Kiss Kiss Bang Bang","true",,,
"37737","movie","Kites","true",,,
"37834","movie","Knight and Day","true",,,
"546554","movie","Knives Out","true",,,
"263472","movie","Knock Knock","true",,,
"56534","movie","Knock Out","true",,,
"4964","movie","Knocked Up","true",,,
"256968","movie","Kochadaiiyaan","true",,,
"25516","movie","Koi... Mil Gaya","true",,,
"293167","movie","Kong: Skull Island","true",,,
"20832","movie","Krazzy 4","true",,,
"141139","movie","Krishna and Kamsa","true",,,
"32740","movie","Krrish","true",,,
"204435","movie","Krrish 3","true",,,
"313297","movie","Kubo and the Two Strings","true",,,
"11854","movie","Kuch Kuch Hota Hai","true",,,
"9470","movie","Kung Fu Hustle","true",,,
"9502","movie","Kung Fu Panda","true",,,
"49444","movie","Kung Fu Panda 2","true",,,
"140300","movie","Kung Fu Panda 3","true",,,
"383785","movie","Kung Fu Yoga","true",,,
"428707","movie","Kuroko's Basketball the Movie: Last Game","true",,,
"313369","movie","La La Land","true",,,
"82698","movie","Ladies vs Ricky Bahl","true",,,
"44613","movie","Lafangey Parindey","true",,,
"19666","movie","Lagaan: Once Upon a Time in India","true",,,
"21461","movie","Lage Raho Munna Bhai","true",,,
"304274","movie","Lai Bhaari","true",,,
"21175","movie","Lakshya","true",,,
"1995","movie","Lara Croft: Tomb Raider","true",,,
"59861","movie","Larry Crowne","true",,,
"576845","movie","Last Night in Soho","true",,,
"396330","movie","LEGO DC Comics Super Heroes: Justice League - Gotham City Breakout","true",,,
"1624","movie","Liar Liar","true",,,
"395992","movie","Life","true",,,
"87827","movie","Life of Pi","true",,,
"7508","movie","Like Stars on Earth","true","/bPwdy3zaNnMdZ22u0WCcYu0xxgt.jpg",,
"51876","movie","Limitless","true",,,
"334543","movie","Lion","true",,,
"1571","movie","Live Free or Die Hard","true",,,
"71920","movie","LOC: Kargil","true",,,
"263115","movie","Logan","true",,,
"399170","movie","Logan Lucky","true",,,
"267860","movie","London Has Fallen","true",,,
"59967","movie","Looper","true",,,
"153","movie","Lost in Translation","true",,,
"43347","movie","Love & Other Drugs","true",,,
"19663","movie","Love Aaj Kal","true",,,
"508","movie","Love Actually","true",,,
"20493","movie","Love Story 2050","true",,,
"20290","movie","Luck","true",,,
"46423","movie","Lucky: No Time for Love","true",,,
"240832","movie","Lucy","true",,,
"658412","movie","Ludo","true",,,
"388333","movie","M.S. Dhoni: The Untold Story","true",,,
"953","movie","Madagascar","true",,,
"80321","movie","Madagascar 3: Europe's Most Wanted","true",,,
"10527","movie","Madagascar: Escape 2 Africa","true",,,
"215776","movie","Madras Cafe","true",,,
"77930","movie","Magic Mike","true",,,
"14134","movie","Main Hoon Na","true",,,
"46403","movie","Main Khiladi Tu Anari","true",,,
"165402","movie","Main Prem Ki Diwani Hoon","true",,,
"262903","movie","Main Tera Hero","true",,,
"39217","movie","Maine Pyaar Kyun Kiya?","true",,,
"18875","movie","Making 'The Shining'","true",,,
"102651","movie","Maleficent","true",,,
"10867","movie","Malena","true",,,
"49521","movie","Man of Steel","true",,,
"284288","movie","Mary Kom","true",,,
"76684","movie","Masti","true",,,
"139521","movie","Matru Ki Bijlee Ka Mandola","true",,,
"336843","movie","Maze Runner: The Death Cure","true",,,
"294254","movie","Maze Runner: The Scorch Trials","true",,,
"296096","movie","Me Before You","true",,,
"297","movie","Meet Joe Black","true",,,
"38055","movie","Megamind","true",,,
"159666","movie","Mela","true",,,
"77","movie","Memento","true",,,
"607","movie","Men in Black","true",,,
"41154","movie","Men in Black 3","true",,,
"608","movie","Men in Black II","true",,,
"33206","movie","Mere Baap Pehle Aap","true",,,
"74458","movie","Mere Brother Ki Dulhan","true",,,
"179711","movie","Mere Dad Ki Maruti","true",,,
"455470","movie","Meri Pyaari Bindu","true",,,
"59436","movie","Midnight in Paris","true",,,
"419478","movie","Midnight Sun","true",,,
"316023","movie","Mike and Dave Need Wedding Dates","true",,,
"198185","movie","Million Dollar Arm","true",,,
"16617","movie","Mindhunters","true",,,
"180","movie","Minority Report","true",,,
"14292","movie","Miracle","true",,,
"14750","movie","Mischief","true",,,
"46406","movie","Mission Kashmir","true",,,
"954","movie","Mission: Impossible","true",,,
"575264","movie","Mission: Impossible - Dead Reckoning Part One","true",,,
"353081","movie","Mission: Impossible - Fallout","true",,,
"56292","movie","Mission: Impossible - Ghost Protocol","true",,,
"177677","movie","Mission: Impossible - Rogue Nation","true",,,
"955","movie","Mission: Impossible II","true",,,
"956","movie","Mission: Impossible III","true",,,
"277834","movie","Moana","true",,,
"11518","movie","Mohabbatein","true",,,
"402672","movie","Mohenjo Daro","true",,,
"60308","movie","Moneyball","true",,,
"62211","movie","Monsters University","true",,,
"15512","movie","Monsters vs Aliens","true",,,
"585","movie","Monsters, Inc.","true",,,
"787","movie","Mr. & Mrs. Smith","true",,,
"1268","movie","Mr. Bean's Holiday","true",,,
"58224","movie","Mr. Popper's Penguins","true",,,
"26277","movie","Mujhse Dosti Karoge!","true",,,
"78442","movie","Mujhse Fraaandship Karoge","true",,,
"20495","movie","Mujhse Shaadi Karogi","true",,,
"470641","movie","Mukkabaaz","true",,,
"612","movie","Munich","true",,,
"19625","movie","Munna Bhai M.B.B.S.","true",,,
"460508","movie","Munna Michael","true",,,
"168114","movie","Murder 3","true",,,
"514999","movie","Murder Mystery","true",,,
"592350","movie","My Hero Academia: Heroes Rising","true",,,
"723640","movie","My Love","true",,,
"26022","movie","My Name Is Khan","true",,,
"322","movie","Mystic River","true",,,
"83902","movie","Na Tum Jaano Na Hum","true",,,
"441071","movie","Naam Shabana","true",,,
"15978","movie","Naina","true",,,
"20360","movie","Namastey London","true",,,
"11452","movie","National Lampoon's Van Wilder","true",,,
"378227","movie","Natsamrat","true",,,
"33457","movie","Nayak: The Real Hero","true",,,
"136797","movie","Need for Speed","true",,,
"376869","movie","Neerja","true",,,
"195589","movie","Neighbors","true",,,
"325133","movie","Neighbors 2: Sorority Rising","true",,,
"21832","movie","Neon Genesis Evangelion: Death and Rebirth","true",,,
"8456","movie","Never Back Down","true",,,
"70006","movie","Never Back Down 2: The Beatdown","true",,,
"391757","movie","Never Back Down: No Surrender","true",,,
"271709","movie","New Initial D the Movie - Legend 1: Awakening","true",,,
"321487","movie","New Initial D the Movie - Legend 2: Racer","true",,,
"372758","movie","New Initial D the Movie - Legend 3: Dream","true",,,
"11636","movie","New Police Story","true",,,
"19616","movie","New York","true",,,
"1738","movie","Next","true",,,
"330431","movie","NH10","true",,,
"2086","movie","Nick of Time","true",,,
"1593","movie","Night at the Museum","true",,,
"18360","movie","Night at the Museum: Battle of the Smithsonian","true",,,
"181533","movie","Night at the Museum: Secret of the Tomb","true",,,
"454293","movie","Night School","true",,,
"20390","movie","No Entry","true",,,
"3638","movie","No Reservations","true",,,
"41630","movie","No Strings Attached","true",,,
"86834","movie","Noah","true",,,
"340666","movie","Nocturnal Animals","true",,,
"225574","movie","Non-Stop","true",,,
"509","movie","Notting Hill","true",,,
"75656","movie","Now You See Me","true",,,
"291805","movie","Now You See Me 2","true",,,
"75612","movie","Oblivion","true",,,
"402900","movie","Ocean's Eight","true",,,
"161","movie","Ocean's Eleven","true",,,
"298","movie","Ocean's Thirteen","true",,,
"163","movie","Ocean's Twelve","true",,,
"496527","movie","October","true",,,
"13466","movie","October Sky","true",,,
"413882","movie","Ok Jaanu","true",,,
"8079","movie","Om Shanti Om","true",,,
"135718","movie","OMG: Oh My God!","true",,,
"532444","movie","On Your Wedding Day","true",,,
"25937","movie","Once in a Summer","true",,"/4tspdRzqP4rEhLI4WUjJb7WI176.jpg",
"42966","movie","Once Upon a Time in Mumbaai","true",,,
"208540","movie","Once Upon a Time in Mumbai Dobaara!","true",,,
"466272","movie","Once Upon a Time… in Hollywood","true",,,
"132744","movie","One 2 Ka 4","true",,,
"51828","movie","One Day","true",,,
"18610","movie","One Two Three","true",,,
"16353","movie","Ong Bak 2","true",,,
"43209","movie","Ong Bak 3","true",,,
"9316","movie","Ong-Bak","true",,,
"1902","movie","Open Your Eyes","true",,,
"404733","movie","Overdrive","true",,,
"68728","movie","Oz the Great and Powerful","true",,,
"13474","movie","P2","true",,,
"26379","movie","Paa","true",,,
"96398","movie","Paan Singh Tomar","true",,,
"68726","movie","Pacific Rim","true",,,
"268896","movie","Pacific Rim: Uprising","true",,,
"447856","movie","Pad Man","true",,,
"116149","movie","Paddington","true",,,
"346648","movie","Paddington 2","true",,,
"432527","movie","Padmaavat","true",,,
"134374","movie","Pain & Gain","true",,,
"286565","movie","Paper Towns","true",,,
"496243","movie","Parasite","true",,,
"461649","movie","Pari","true",,,
"27298","movie","Partner","true",,,
"274870","movie","Passengers","true",,,
"53299","movie","Patiala House","true",,,
"388399","movie","Patriots Day","true",,,
"14560","movie","Paul Blart: Mall Cop","true",,,
"9620","movie","Paycheck","true",,,
"270946","movie","Penguins of Madagascar","true",,,
"98548","movie","People Like Us","true",,,
"10494","movie","Perfect Blue","true",,,
"340676","movie","Personal Shopper","true",,,
"353879","movie","Phantom","true",,,
"222430","movie","Phata Poster Nikhla Hero","true",,,
"20359","movie","Phir Hera Pheri","true",,,
"332835","movie","Piku","true",,,
"415358","movie","Pink","true",,,
"399106","movie","Piper","true",,,
"43593","movie","Piranha 3D","true",,,
"285","movie","Pirates of the Caribbean: At World's End","true",,,
"58","movie","Pirates of the Caribbean: Dead Man's Chest","true",,,
"166426","movie","Pirates of the Caribbean: Dead Men Tell No Tales","true",,,
"1865","movie","Pirates of the Caribbean: On Stranger Tides","true",,,
"22","movie","Pirates of the Caribbean: The Curse of the Black Pearl","true",,,
"114150","movie","Pitch Perfect","true",,,
"254470","movie","Pitch Perfect 2","true",,,
"257344","movie","Pixels","true",,,
"139357","movie","Pizza","true",,,
"297222","movie","PK","true",,,
"151960","movie","Planes","true",,,
"277547","movie","Playing It Cool","true",,,
"257088","movie","Point Break","true",,,
"503","movie","Poseidon","true",,,
"305470","movie","Power Rangers","true",,,
"206487","movie","Predestination","true",,,
"362136","movie","Prem Ratan Dhan Payo","true",,,
"49526","movie","Premium Rush","true",,,
"766507","movie","Prey","true",,,
"14337","movie","Primer","true",,,
"128","movie","Princess Mononoke","true",,,
"146233","movie","Prisoners","true",,,
"57214","movie","Project X","true",,,
"680","movie","Pulp Fiction","true",,,
"417859","movie","Puss in Boots","true",,,
"65521","movie","Pyaar Ka Punchnama","true",,,
"363413","movie","Pyaar Ka Punchnama 2","true",,,
"27964","movie","Qayamat Se Qayamat Tak","true",,,
"247645","movie","Queen","true",,,
"240614","movie","R... Rajkumar","true",,,
"41517","movie","Ra.One","true",,,
"456562","movie","Raabta","true",,,
"37951","movie","Raajneeti","true",,,
"37460","movie","Raavan","true",,,
"491629","movie","Raazi","true",,,
"14072","movie","Rab Ne Bana Di Jodi","true",,,
"323677","movie","Race","true",,,
"19658","movie","Race","true",,,
"44749","movie","Race 2","true",,,
"496320","movie","Race 3","true",,,
"363343","movie","Raees","true",,,
"503838","movie","Raid","true",,,
"380","movie","Rain Man","true",,,
"404368","movie","Ralph Breaks the Internet","true",,,
"208036","movie","Ramaiya Vastavaiya","true",,,
"1369","movie","Rambo: First Blood Part II","true",,,
"427641","movie","Rampage","true",,,
"7913","movie","Rang De Basanti","true",,,
"44896","movie","Rango","true",,,
"392271","movie","Rangoon","true",,,
"75896","movie","Rascals","true",,,
"2062","movie","Ratatouille","true",,,
"527774","movie","Raya and the Last Dragon","true",,,
"65946","movie","Ready","true",,,
"333339","movie","Ready Player One","true",,,
"39254","movie","Real Steel","true",,,
"512195","movie","Red Notice","true",,,
"401981","movie","Red Sparrow","true",,,
"71883","movie","Redline","true",,,
"46418","movie","Rehnaa Hai Terre Dil Mein","true",,,
"2355","movie","Reign Over Me","true",,,
"23169","movie","Remember Me","true",,,
"531593","movie","Reprisal","true",,,
"35791","movie","Resident Evil: Afterlife","true",,,
"1892","movie","Return of the Jedi","true",,,
"11011","movie","Ri¢hie Ri¢h","true",,,
"168530","movie","Ride Along","true",,,
"323675","movie","Ride Along 2","true",,,
"46195","movie","Rio","true",,,
"172385","movie","Rio 2","true",,,
"759054","movie","Rise","true",,,
"81188","movie","Rise of the Guardians","true",,,
"61791","movie","Rise of the Planet of the Apes","true",,,
"9346","movie","Risky Business","true",,,
"9928","movie","Robots","true",,,
"413588","movie","Rock On 2","true",,,
"19672","movie","Rock On!!","true",,,
"26815","movie","Rocket Singh: Salesman of the Year","true",,,
"13809","movie","RocknRolla","true",,,
"79464","movie","Rockstar","true",,,
"1366","movie","Rocky","true",,,
"1246","movie","Rocky Balboa","true",,,
"1367","movie","Rocky II","true",,,
"1371","movie","Rocky III","true",,,
"1374","movie","Rocky IV","true",,,
"1375","movie","Rocky V","true",,,
"330459","movie","Rogue One: A Star Wars Story","true",,,
"694103","movie","Roohi","true",,,
"48650","movie","Room in Rome","true",,,
"102632","movie","Rowdy Rathore","true",,,
"316900","movie","Roy","true",,,
"241554","movie","Run All Night","true",,,
"96721","movie","Rush","true",,,
"2109","movie","Rush Hour","true",,,
"5175","movie","Rush Hour 2","true",,,
"5174","movie","Rush Hour 3","true",,,
"392572","movie","Rustom","true",,,
"20656","movie","Saathiya","true",,,
"16283","movie","Saawariya","true",,,
"383367","movie","Sairat","true",,,
"15084","movie","Salaam Namaste","true",,,
"25869","movie","Salaam-e-Ishq","true",,,
"27576","movie","Salt","true",,,
"254128","movie","San Andreas","true",,,
"496328","movie","Sanju","true",,,
"393421","movie","Sarbjit","true",,,
"31524","movie","Sarfarosh","true",,,
"531597","movie","Satyameva Jayate","true",,,
"176","movie","Saw","true",,,
"424","movie","Schindler's List","true",,,
"1584","movie","School of Rock","true",,,
"9637","movie","Scooby-Doo","true",,,
"13151","movie","Scooby-Doo on Zombie Island","true",,,
"22538","movie","Scott Pilgrim vs. the World","true",,,
"807","movie","Se7en","true",,,
"441889","movie","Secret Superstar","true",,,
"199584","movie","Secretly, Greatly","true",,,
"11321","movie","Seven Pounds","true",,,
"1364","movie","Sex and Lucía","true",,,
"254418","movie","Shaadi Ke Side Effects","true",,,
"362140","movie","Shaandaar","true",,,
"323426","movie","Shamitabh","true",,,
"566525","movie","Shang-Chi and the Legend of the Ten Rings","true",,,
"6038","movie","Shanghai Knights","true",,,
"8584","movie","Shanghai Noon","true",,,
"11770","movie","Shaolin Soccer","true",,,
"287947","movie","Shazam!","true",,,
"34016","movie","She's Out of My League","true",,,
"10528","movie","Sherlock Holmes","true",,,
"58574","movie","Sherlock Holmes: A Game of Shadows","true",,,
"599925","movie","Shershaah","true",,,
"370992","movie","Shivaay","true",,,
"12259","movie","Sholay","true",,,
"4141","movie","Shoot 'Em Up","true",,,
"7485","movie","Shooter","true",,,
"20742","movie","Shootout at Lokhandwala","true",,,
"808","movie","Shrek","true",,,
"809","movie","Shrek 2","true",,,
"10192","movie","Shrek Forever After","true",,,
"810","movie","Shrek the Third","true",,,
"11324","movie","Shutter Island","true",,,
"496524","movie","Simmba","true",,,
"12273","movie","Singh Is Kinng","true",,,
"70590","movie","Singham","true",,,
"285803","movie","Singham Returns","true",,,
"11459","movie","Sky High","true",,,
"37724","movie","Skyfall","true",,,
"447200","movie","Skyscraper","true",,,
"12405","movie","Slumdog Millionaire","true",,,
"137116","movie","Smurfs: The Lost Village","true",,,
"326","movie","Snakes on a Plane","true",,,
"134411","movie","Snitch","true",,,
"110415","movie","Snowpiercer","true",,,
"348350","movie","Solo: A Star Wars Story","true",,,
"140896","movie","Son of Sardaar","true",,,
"454626","movie","Sonic the Hedgehog","true",,,
"617882","movie","Soulmate","true",,,
"45612","movie","Source Code","true",,,
"307081","movie","Southpaw","true",,,
"165904","movie","Special 26","true",,,
"206647","movie","Spectre","true",,,
"1637","movie","Speed","true",,,
"1639","movie","Speed 2: Cruise Control","true",,,
"557","movie","Spider-Man","true",,,
"558","movie","Spider-Man 2","true",,,
"559","movie","Spider-Man 3","true",,,
"569094","movie","Spider-Man: Across the Spider-Verse","true",,,
"429617","movie","Spider-Man: Far From Home","true",,,
"315635","movie","Spider-Man: Homecoming","true",,,
"324857","movie","Spider-Man: Into the Spider-Verse","true",,,
"634649","movie","Spider-Man: No Way Home","true",,,
"431693","movie","Spies in Disguise","true",,,
"129","movie","Spirited Away","true",,,
"381288","movie","Split","true",,,
"122081","movie","Spring Breakers","true",,,
"10054","movie","Spy Kids","true",,,
"12279","movie","Spy Kids 3-D: Game Over","true",,,
"68256","movie","Stanley Ka Dabba","true",,,
"13475","movie","Star Trek","true",,,
"188927","movie","Star Trek Beyond","true",,,
"54138","movie","Star Trek Into Darkness","true",,,
"11","movie","Star Wars","true",,,
"1893","movie","Star Wars: Episode I - The Phantom Menace","true",,,
"1894","movie","Star Wars: Episode II - Attack of the Clones","true",,,
"1895","movie","Star Wars: Episode III - Revenge of the Sith","true",,,
"140607","movie","Star Wars: The Force Awakens","true",,,
"181808","movie","Star Wars: The Last Jedi","true",,,
"563","movie","Starship Troopers","true",,,
"225745","movie","Steins;Gate: The Movie - Load Region of Déjà Vu","true",,,
"9762","movie","Step Up","true",,,
"8328","movie","Step Up 2: The Streets","true",,,
"41233","movie","Step Up 3D","true",,,
"243683","movie","Step Up All In","true",,,
"85446","movie","Step Up Revolution","true",,,
"321697","movie","Steve Jobs","true",,,
"533991","movie","Stree","true",,,
"41847","movie","Strip Search","true",,,
"10137","movie","Stuart Little","true",,,
"10996","movie","Stuart Little 2","true",,,
"138122","movie","Student of the Year","true",,,
"297761","movie","Suicide Squad","true",,,
"487242","movie","Suicide Squad: Hell to Pay","true",,,
"363676","movie","Sully","true",,,
"376812","movie","Sultan","true",,,
"798544","movie","Summer Ghost","true",,,
"20917","movie","Sunday","true",,,
"534075","movie","Super 30","true",,,
"8363","movie","Superbad","true",,,
"325358","movie","Superfast!","true",,,
"11918","movie","Superhero Movie","true",,,
"1452","movie","Superman Returns","true",,,
"15774","movie","Swades","true",,,
"14165","movie","Ta Ra Rum Pum","true",,,
"277229","movie","Taarzan: The Wonder Car","true",,,
"157129","movie","Table No. 21","true",,,
"455980","movie","Tag","true",,,
"8681","movie","Taken","true",,,
"82675","movie","Taken 2","true",,,
"260346","movie","Taken 3","true",,,
"86004","movie","Talaash","true",,,
"1008042","movie","Talk to Me","true",,"/6dX0u0W5YDrg4CKYzxWC4cde0Of.jpg",
"257475","movie","Tamako Love Story","true",,,
"339274","movie","Tamasha","true",,,
"38757","movie","Tangled","true",,,
"301687","movie","Tango Charlie","true",,,
"584850","movie","Tanhaji: The Unsung Warrior","true",,,
"336211","movie","Tanu Weds Manu: Returns","true",,,
"37135","movie","Tarzan","true",,,
"15657","movie","Tarzan II","true",,,
"14193","movie","Tashan","true",,,
"20931","movie","Taxi No. 9211","true",,,
"72105","movie","Ted","true",,,
"214756","movie","Ted 2","true",,,
"34418","movie","Teen Patti","true",,,
"408647","movie","Teen Titans: The Judas Contract","true",,,
"98566","movie","Teenage Mutant Ninja Turtles","true",,,
"308531","movie","Teenage Mutant Ninja Turtles: Out of the Shadows","true",,,
"46040","movie","Tees Maar Khan","true",,,
"85043","movie","Tere Naal Love Ho Gaya","true",,,
"56969","movie","Tere Naam","true",,,
"120942","movie","Teri Meri Kahaani","true",,,
"280","movie","Terminator 2: Judgment Day","true",,,
"296","movie","Terminator 3: Rise of the Machines","true",,,
"87101","movie","Terminator Genisys","true",,,
"290859","movie","Terminator: Dark Fate","true",,,
"76617","movie","Texas Chainsaw 3D","true",,,
"61400","movie","Thank You","true",,,
"668435","movie","Thappad","true",,,
"225565","movie","That Awkward Moment","true",,,
"87428","movie","That's My Boy","true",,,
"11841","movie","The 36th Chamber of Shaolin","true",,,
"6957","movie","The 40 Year Old Virgin","true",,,
"299687","movie","The 5th Wave","true",,,
"34544","movie","The A-Team","true",,,
"302946","movie","The Accountant","true",,,
"17578","movie","The Adventures of Tintin","true",,,
"293863","movie","The Age of Adaline","true",,,
"1930","movie","The Amazing Spider-Man","true",,,
"102382","movie","The Amazing Spider-Man 2","true",,,
"153518","movie","The Angry Birds Movie","true",,,
"11090","movie","The Animal","true",,,
"364111","movie","The Anthem of the Heart","true",,,
"522924","movie","The Art of Racing in the Rain","true",,,
"171879","movie","The Attacks Of 26/11","true",,,
"24428","movie","The Avengers","true",,,
"2567","movie","The Aviator","true",,,
"10474","movie","The Basketball Diaries","true",,,
"1907","movie","The Beach","true",,,
"22881","movie","The Blind Side","true",,,
"295693","movie","The Boss Baby","true",,,
"27573","movie","The Bounty Hunter","true",,,
"2501","movie","The Bourne Identity","true",,,
"2502","movie","The Bourne Supremacy","true",,,
"2503","movie","The Bourne Ultimatum","true",,,
"2108","movie","The Breakfast Club","true",,,
"411","movie","The Chronicles of Narnia: The Lion, the Witch and the Wardrobe","true",,,
"238215","movie","The Cobbler","true",,,
"399035","movie","The Commuter","true",,,
"122126","movie","The Concubine","true",,,
"138843","movie","The Conjuring","true",,,
"259693","movie","The Conjuring 2","true",,,
"49519","movie","The Croods","true",,,
"529203","movie","The Croods: A New Age","true",,,
"4922","movie","The Curious Case of Benjamin Button","true",,,
"155","movie","The Dark Knight","true",,,
"49026","movie","The Dark Knight Rises","true",,,
"71469","movie","The Darkest Hour","true",,,
"435","movie","The Day After Tomorrow","true",,,
"1422","movie","The Departed","true",,,
"76493","movie","The Dictator","true",,,
"38542","movie","The Disappearance of Alice Creed","true",,,
"1278","movie","The Dreamers","true",,,
"376660","movie","The Edge of Seventeen","true",,,
"1891","movie","The Empire Strikes Back","true",,,
"27578","movie","The Expendables","true",,,
"76163","movie","The Expendables 2","true",,,
"138103","movie","The Expendables 3","true",,,
"9799","movie","The Fast and the Furious","true",,,
"9615","movie","The Fast and the Furious: Tokyo Drift","true",,,
"337339","movie","The Fate of the Furious","true",,,
"222935","movie","The Fault in Our Stars","true",,,
"45317","movie","The Fighter","true",,,
"19912","movie","The Final Destination","true",,,
"37233","movie","The Firm","true",,,
"84199","movie","The First Time","true",,,
"298618","movie","The Flash","true",,,
"1729","movie","The Forbidden Kingdom","true",,,
"379149","movie","The Foreigner","true",,,
"13680","movie","The Game Plan","true",,,
"198375","movie","The Garden of Words","true",,,
"522627","movie","The Gentlemen","true",,,
"442405","movie","The Ghazi Attack","true",,,
"10591","movie","The Girl Next Door","true",,,
"14069","movie","The Girl Who Leapt Through Time","true",,,
"65754","movie","The Girl with the Dragon Tattoo","true",,,
"238","movie","The Godfather","true",,,
"240","movie","The Godfather Part II","true",,,
"242","movie","The Godfather Part III","true",,,
"2268","movie","The Golden Compass","true",,,
"472674","movie","The Goldfinch","true",,,
"105864","movie","The Good Dinosaur","true",,,
"64682","movie","The Great Gatsby","true",,,
"311324","movie","The Great Wall","true",,,
"316029","movie","The Greatest Showman","true",,,
"40805","movie","The Green Hornet","true",,,
"497","movie","The Green Mile","true",,,
"75174","movie","The Grey","true",,,
"774752","movie","The Guardians of the Galaxy Holiday Special","true",,,
"486947","movie","The Guilty","true",,,
"597219","movie","The Half of It","true",,,
"290098","movie","The Handmaiden","true",,,
"18785","movie","The Hangover","true",,,
"45243","movie","The Hangover Part II","true",,,
"109439","movie","The Hangover Part III","true",,,
"136795","movie","The Heat","true",,,
"1581","movie","The Holiday","true",,,
"11852","movie","The Hot Chick","true",,,
"1491","movie","The Illusionist","true",,,
"205596","movie","The Imitation Game","true",,,
"1724","movie","The Incredible Hulk","true",,,
"9806","movie","The Incredibles","true",,,
"257211","movie","The Intern","true",,,
"116741","movie","The Internship","true",,,
"228967","movie","The Interview","true",,,
"1635","movie","The Island","true",,,
"9654","movie","The Italian Job","true",,,
"205587","movie","The Judge","true",,,
"278927","movie","The Jungle Book","true",,,
"38575","movie","The Karate Kid","true",,,
"1885","movie","The Karate Kid","true",,,
"476669","movie","The King's Man","true",,,
"45269","movie","The King's Speech","true",,,
"10196","movie","The Last Airbender","true",,,
"35690","movie","The Last Song","true",,,
"339404","movie","The Layover","true",,,
"12207","movie","The Legend of Drunken Master","true",,,
"324849","movie","The Lego Batman Movie","true",,,
"137106","movie","The Lego Movie","true",,,
"420818","movie","The Lion King","true",,,
"8587","movie","The Lion King","true",,,
"11430","movie","The Lion King 1½","true",,,
"9732","movie","The Lion King II: Simba's Pride","true",,,
"10897","movie","The Little Rascals","true",,,
"602269","movie","The Little Things","true",,,
"72784","movie","The Loft","true",,,
"228205","movie","The Longest Ride","true",,,
"9291","movie","The Longest Yard","true",,,
"120","movie","The Lord of the Rings: The Fellowship of the Ring","true",,,
"122","movie","The Lord of the Rings: The Return of the King","true",,,
"121","movie","The Lord of the Rings: The Two Towers","true",,,
"77877","movie","The Lucky One","true",,,
"4553","movie","The Machinist","true",,,
"13363","movie","The Man from Earth","true",,,
"353326","movie","The Man Who Knew Infinity","true",,,
"672647","movie","The Map of Tiny Perfect Things","true",,,
"286217","movie","The Martian","true",,,
"854","movie","The Mask","true",,,
"603","movie","The Matrix","true",,,
"604","movie","The Matrix Reloaded","true",,,
"605","movie","The Matrix Revolutions","true",,,
"198663","movie","The Maze Runner","true",,,
"10610","movie","The Medallion","true",,,
"345940","movie","The Meg","true",,,
"11162","movie","The Merchant of Venice","true",,,
"564","movie","The Mummy","true",,,
"282035","movie","The Mummy","true",,,
"1734","movie","The Mummy Returns","true",,,
"11036","movie","The Notebook","true",,,
"10796","movie","The One","true",,,
"27581","movie","The Other Guys","true",,,
"193610","movie","The Other Woman","true",,,
"463257","movie","The Peanut Butter Falcon","true",,,
"84892","movie","The Perks of Being a Wallflower","true",,,
"5255","movie","The Polar Express","true",,,
"446354","movie","The Post","true",,,
"1124","movie","The Prestige","true",,,
"9837","movie","The Prince of Egypt","true",,,
"18240","movie","The Proposal","true",,,
"8982","movie","The Protector","true",,,
"1402","movie","The Pursuit of Happyness","true",,"/lBYOKAMcxIvuk9s9hMuecB9dPBV.jpg",
"680058","movie","The Rescue","true",,,
"15969","movie","The Return of Jafar","true",,,
"281957","movie","The Revenant","true",,,
"9802","movie","The Rock","true",,,
"10159","movie","The Rundown","true",,"/cwNeP2fz0vqNhmKIcSgLD0xc6g2.jpg",
"328111","movie","The Secret Life of Pets","true",,,
"51739","movie","The Secret World of Arrietty","true",,,
"332567","movie","The Shallows","true",,,
"399055","movie","The Shape of Water","true",,"/vyNMUcdrbWnCSg3evCxuvdKPB5t.jpg",
"297019","movie","The Shaukeens","true",,,
"278","movie","The Shawshank Redemption","true",,,
"35","movie","The Simpsons Movie","true",,,
"745","movie","The Sixth Sense","true",,,
"613446","movie","The Sky Is Pink","true",,,
"37799","movie","The Social Network","true",,,
"23172","movie","The Spy Next Door","true",,,
"594","movie","The Terminal","true",,,
"218","movie","The Terminator","true",,,
"266856","movie","The Theory of Everything","true",,,
"588228","movie","The Tomorrow War","true",,,
"37165","movie","The Truman Show","true",,,
"10771","movie","The Tuxedo","true",,,
"50619","movie","The Twilight Saga: Breaking Dawn - Part 1","true",,,
"50620","movie","The Twilight Saga: Breaking Dawn - Part 2","true",,,
"24021","movie","The Twilight Saga: Eclipse","true",,,
"18239","movie","The Twilight Saga: New Moon","true",,,
"440472","movie","The Upside","true",,,
"72570","movie","The Vow","true",,,
"645710","movie","The Voyeurs","true",,,
"285783","movie","The Walk","true",,,
"10663","movie","The Waterboy","true",,,
"785084","movie","The Whale","true",,,
"310131","movie","The Witch","true",,,
"106646","movie","The Wolf of Wall Street","true",,,
"76170","movie","The Wolverine","true","/bsVrSbbupHT6Xv5em2WtRMOwSsx.jpg",,
"375785","movie","Then Came You","true",,,
"544","movie","There's Something About Mary","true",,,
"109414","movie","This Is the End","true",,,
"14214","movie","Thoda Pyaar Thoda Magic","true",,,
"10195","movie","Thor","true",,,
"616037","movie","Thor: Love and Thunder","true",,,
"284053","movie","Thor: Ragnarok","true",,,
"76338","movie","Thor: The Dark World","true",,,
"578701","movie","Those Who Wish Me Dead","true",,,
"564221","movie","Ti Sadhya Kay Karte","true",,,
"441909","movie","Tiger Zinda Hai","true",,,
"597","movie","Titanic","true",,,
"466282","movie","To All the Boys I've Loved Before","true",,,
"441875","movie","Toilet: A Love Story","true",,,
"567189","movie","Tom Clancy's Without Remorse","true",,,
"679024","movie","Toofaan","true",,"/90hLlcKFb6SlrUGvlb7kpPto7Ao.jpg",
"58046","movie","Toonpur Ka Superrhero","true",,,
"744","movie","Top Gun","true",,,
"361743","movie","Top Gun: Maverick","true",,,
"862","movie","Toy Story","true",,,
"863","movie","Toy Story 2","true",,,
"10193","movie","Toy Story 3","true",,,
"396535","movie","Train to Busan","true",,,
"1858","movie","Transformers","true",,,
"91314","movie","Transformers: Age of Extinction","true",,,
"9362","movie","Tremors","true",,,
"20526","movie","TRON: Legacy","true",,"/fKapr2l8Mc1AeVdNH6Pca2OrNjo.jpg",
"652","movie","Troy","true",,,
"245706","movie","True Story","true",,,
"441881","movie","Tubelight","true",,,
"25100","movie","Tum Mile","true",,,
"77950","movie","Turbo","true",,,
"8966","movie","Twilight","true",,,
"286554","movie","Two Night Stand","true",,,
"31897","movie","U Me Aur Hum","true",,,
"45316","movie","Udaan","true",,,
"398535","movie","Udta Punjab","true",,,
"191726","movie","Ugly","true",,,
"227306","movie","Unbroken","true",,,
"97370","movie","Under the Skin","true",,,
"15255","movie","Undisputed II: Last Man Standing","true",,,
"38234","movie","Undisputed III: Redemption","true",,,
"2251","movie","Unfaithful","true",,,
"303904","movie","Ungli","true",,,
"48138","movie","Unknown","true",,,
"38199","movie","Unthinkable","true",,,
"14160","movie","Up","true",,,
"500664","movie","Upgrade","true",,,
"554600","movie","Uri: The Surgical Strike","true",,,
"508747","movie","Us and Them","true",,,
"296099","movie","Vacation","true",,,
"32856","movie","Valentine's Day","true",,,
"2253","movie","Valkyrie","true",,,
"40264","movie","Vampires Suck","true",,,
"1903","movie","Vanilla Sky","true",,,
"913544","movie","Ved","true",,,
"30886","movie","Veer","true",,,
"483189","movie","Veere Di Wedding","true",,,
"335983","movie","Venom","true",,,
"11678","movie","Vertical Limit","true",,,
"103243","movie","Vicky Donor","true",,,
"597890","movie","Voyagers","true",,,
"21297","movie","Wake Up Sid","true",,,
"11358","movie","Walking Tall","true",,,
"10681","movie","WALL·E","true",,,
"22717","movie","Wanted","true",,,
"8909","movie","Wanted","true",,,
"585268","movie","War","true",,,
"308266","movie","War Dogs","true",,,
"281338","movie","War for the Planet of the Apes","true",,,
"74","movie","War of the Worlds","true",,,
"82654","movie","Warm Bodies","true",,,
"115124","movie","Wayward, Crazy, Insane","true",,,
"275269","movie","Wazir","true",,,
"138832","movie","We're the Millers","true",,,
"568160","movie","Weathering with You","true",,,
"20294","movie","Welcome","true",,,
"357563","movie","Welcome Back","true",,,
"894205","movie","Werewolf by Night","true",,,
"9029","movie","What Happens in Vegas","true",,,
"3981","movie","What Women Want","true",,,
"1587","movie","What's Eating Gilbert Grape","true",,,
"63492","movie","What's Your Number?","true",,,
"24864","movie","What's Your Raashee?","true",,,
"433310","movie","When We First Met","true",,,
"244786","movie","Whiplash","true",,,
"37797","movie","Whisper of the Heart","true",,,
"336011","movie","White Girl","true",,,
"117251","movie","White House Down","true",,,
"8697","movie","Who Am I?","true",,,
"569584","movie","Why Cheat India","true",,,
"356305","movie","Why Him?","true",,,
"401469","movie","Widows","true",,,
"228970","movie","Wild","true",,,
"17124","movie","Wild Things: Diamonds in the Rough","true",,,
"110420","movie","Wolf Children","true",,,
"15359","movie","Wonder Woman","true",,,
"297762","movie","Wonder Woman","true",,,
"72190","movie","World War Z","true",,,
"82690","movie","Wreck-It Ralph","true",,,
"13186","movie","Wrong Turn 2: Dead End","true",,,
"36657","movie","X-Men","true",,,
"2080","movie","X-Men Origins: Wolverine","true",,,
"246655","movie","X-Men: Apocalypse","true",,,
"127585","movie","X-Men: Days of Future Past","true",,,
"49538","movie","X-Men: First Class","true",,,
"36668","movie","X-Men: The Last Stand","true",,,
"278236","movie","X+Y","true",,,
"36658","movie","X2","true",,,
"47971","movie","xXx: Return of Xander Cage","true",,,
"185008","movie","Yeh Jawaani Hai Deewani","true",,,
"10201","movie","Yes Man","true",,,
"10661","movie","You Don't Mess with the Zohan","true",,,
"401146","movie","Your Lie in April","true",,,
"372058","movie","Your Name.","true",,,
"43410","movie","Yuva","true",,"/qfOP2b1ohZTZ95b8YKwPUH1g0qu.jpg",
"10358","movie","Zack and Miri Make a Porno","true",,,
"218898","movie","Zanjeer","true",,,
"6795","movie","Zathura: A Space Adventure","true",,"/o5zP6KPpJNNq6DtLE0EvHMCirGj.jpg",
"496076","movie","Zero","true",,"/sSi9QLnBxr2HadKri5XhIDT8F3F.jpg",
"20971","movie","Zinda","true",,,
"61202","movie","Zindagi Na Milegi Dobara","true",,,
"1949","movie","Zodiac","true",,,
"19908","movie","Zombieland","true",,,
"338967","movie","Zombieland: Double Tap","true",,,
"269149","movie","Zootopia","true",,,
"278347","movie","أنه ترفيهي","true",,,
"64464","tv","11.22.63","false",,"/yKXAfQkq3Vam5SDG86QKF5DYr9m.jpg",
"66788","tv","13 Reasons Why","false",,,
"67043","tv","91 Days","false",,"/pRlZz8PaRm8F5sV6VI81T4zx15x.jpg",
"82696","tv","Adulting","false",,,
"99966","tv","All of Us Are Dead","false",,,
"68421","tv","Altered Carbon","false",,,
"42589","tv","Another","false",,,
"94605","tv","Arcane","false",,,
"124411","tv","Aspirants","false",,,
"1429","tv","Attack on Titan","false",,,
"246","tv","Avatar: The Last Airbender","false",,"/iBlcNZC5fnrvyUrA9ObEHOVUtJP.jpg",
"4686","tv","Ben 10","false",,"/qVBQynX6J9gtYWVwqbfNKVe0kYU.jpg",
"73223","tv","Black Clover","false",,,
"131041","tv","BLUELOCK","false",,,
"1396","tv","Breaking Bad","false",,"/ggFHVNu6YYI5L9pCfOacjizRGt.jpg",
"76659","tv","Breathe","false",,,
"84454","tv","Broken But Beautiful","false",,,
"84150","tv","College Romance","false",,"/5SDy57TkGd4j4RS5Y69z60OV2Fx.jpg",
"30991","tv","Cowboy Bebop","false",,,
"105248","tv","Cyberpunk: Edgerunners","false",,"/lqcDVZ8pyk08AVftMBildDR3QUK.jpg",
"70523","tv","Dark","false",,,
"13916","tv","Death Note","false",,"/at1Dep4erbbnuYNJ1ZK6tQqRczL.jpg",
"135670","tv","Dhindora","false",,,
"62715","tv","Dragon Ball Super","false",,,
"12971","tv","Dragon Ball Z","false",,,
"65249","tv","ERASED","false",,,
"1434","tv","Family Guy","false",,,
"132117","tv","Farzi","false",,,
"42705","tv","Fighting Spirit","false",,,
"210955","tv","First Love","false",,"/zlt5QDitpurbI6Nd2Kip5d5pKm1.jpg",
"1668","tv","Friends","false",,,
"31911","tv","Fullmetal Alchemist: Brotherhood","false",,,
"1399","tv","Game of Thrones","false",,,
"67389","tv","Golden Time","false",,,
"79166","tv","Grand Blue","false",,,
"60863","tv","Haikyu!!","false",,,
"88329","tv","Hawkeye","false",,,
"45950","tv","High School D×D","false",,,
"56998","tv","High School of the Dead","false",,,
"96421","tv","Hostel Daze","false",,,
"1100","tv","How I Met Your Mother","false",,,
"46298","tv","Hunter x Hunter","false",,,
"65329","tv","Hyouka","false",,,
"87030","tv","ImMATURE","false",,,
"40424","tv","Initial D","false",,,
"95557","tv","Invincible","false",,,
"95479","tv","Jujutsu Kaisen","false",,,
"45998","tv","KissXsis","false",,,
"89113","tv","Kota Factory","false",,,
"45783","tv","Kuroko's Basketball","false",,,
"84958","tv","Loki","false",,,
"79696","tv","Manifest","false",,,
"77939","tv","MEGALOBOX","false",,,
"84105","tv","Mirzapur","false",,,
"200941","tv","Modern Love Mumbai","false",,,
"71446","tv","Money Heist","false",,,
"30981","tv","Monster","false",,,
"92749","tv","Moon Knight","false",,,
"72296","tv","My First Girlfriend is a Gal","false",,,
"65930","tv","My Hero Academia","false",,,
"46260","tv","Naruto","false",,,
"31910","tv","Naruto Shippūden","false",,,
"890","tv","Neon Genesis Evangelion","false",,,
"98575","tv","Never Kiss Your Best Friend","false",,,
"62640","tv","Nisekoi","false",,,
"63926","tv","One-Punch Man","false",,,
"61459","tv","Parasyte -the maxim-","false",,,
"64706","tv","Prison School","false",,,
"43865","tv","Psycho-Pass","false",,,
"60625","tv","Rick and Morty","false",,,
"79352","tv","Sacred Games","false",,,
"111188","tv","Scam 1992 - The Harshad Mehta Story","false",,"/atKhjwYBA641JbcesyPOfV96QZA.jpg",
"79141","tv","Scissor Seven","false",,,
"61664","tv","Sense8","false",,,
"75986","tv","Servant x Service","false",,,
"92783","tv","She-Hulk: Attorney at Law","false",,"/3qO7wycn6o0lUJf15dupMFbEBTY.jpg",
"19885","tv","Sherlock","false",,,
"119279","tv","Solos","false",,,
"120089","tv","SPY x FAMILY","false",,,
"93405","tv","Squid Game","false",,,
"42509","tv","Steins;Gate","false",,,
"78102","tv","Steins;Gate 0","false",,,
"66732","tv","Stranger Things","false",,,
"75865","tv","Teasing Master Takagi-san","false",,,
"76479","tv","The Boys","false",,"/zBi4Otjddaa92ecwcNDEIhQFxcl.jpg",
"45997","tv","The Devil Is a Part-Timer!","false",,,
"81046","tv","The Dragon Prince","false",,,
"88396","tv","The Falcon and the Winter Soldier","false",,,
"93352","tv","The Family Man","false",,,
"60735","tv","The Flash","false",,,
"46671","tv","The Future Diary","false",,,
"100088","tv","The Last of Us","false",,,
"33880","tv","The Legend of Korra","false",,"/nhP0VGO2GSZbL4PUgmA6Vja48aM.jpg",
"2316","tv","The Office","false",,,
"83097","tv","The Promised Neverland","false",,,
"96777","tv","The Silent Sea","false","/l6UVThVf6xrYUwnzadCfBhlhUEE.jpg",,
"456","tv","The Simpsons","false",,,
"113367","tv","The Wilds","false",,,
"61374","tv","Tokyo Ghoul","false",,"/mt6ForyKh4JS0v5ho8xhauISidF.jpg",
"105009","tv","Tokyo Revengers","false",,,
"70880","tv","Tsukigakirei","false",,"/wWFVlj4TBKjWfcvM5dXVs4gDThl.jpg",
"63180","tv","TVF Pitchers","false",,,
"69710","tv","TVF Tripling","false",,"/wIHD41kX43M0sRhck0O07J8NrvJ.jpg",
"88803","tv","Vinland Saga","false",,,
"85271","tv","WandaVision","false",,,
"119051","tv","Wednesday","false",,,
"91363","tv","What If...?","false",,,
"61663","tv","Your Lie in April","false",,,
