"TmdbId","Servie Type","Movie Watched","Backdrop Path","Poster Path","Notes"
"11","movie","true",,,
"12","movie","true",,,
"13","movie","true",,,
"22","movie","true",,,
"24","movie","true",,,
"35","movie","true",,,
"38","movie","true",,,
"58","movie","true",,,
"74","movie","true",,,
"76","movie","true",,,
"77","movie","true",,,
"80","movie","true",,,
"95","movie","true",,,
"105","movie","true",,,
"118","movie","true",,,
"120","movie","true",,,
"121","movie","true",,,
"122","movie","true",,,
"128","movie","true",,,
"129","movie","true",,,
"141","movie","true",,,
"149","movie","true",,,
"153","movie","true",,,
"155","movie","true",,,
"161","movie","true",,,
"163","movie","true",,,
"165","movie","true",,,
"176","movie","true",,,
"180","movie","true",,,
"207","movie","true",,,
"218","movie","true",,,
"238","movie","true",,,
"240","movie","true",,,
"242","movie","true",,,
"246","tv","false",,,
"254","movie","true",,,
"272","movie","true",,,
"278","movie","true",,,
"280","movie","true",,,
"285","movie","true",,,
"289","movie","true",,,
"296","movie","true",,,
"297","movie","true",,,
"298","movie","true",,,
"310","movie","true",,,
"314","movie","true",,,
"322","movie","true",,,
"326","movie","true",,,
"329","movie","true",,,
"331","movie","true",,,
"345","movie","true",,,
"380","movie","true",,,
"393","movie","true",,,
"411","movie","true",,,
"424","movie","true",,,
"425","movie","true",,,
"435","movie","true",,,
"456","tv","false",,,
"497","movie","true",,,
"503","movie","true",,,
"508","movie","true",,,
"509","movie","true",,,
"544","movie","true",,,
"550","movie","true",,,
"557","movie","true",,,
"558","movie","true",,,
"559","movie","true",,,
"563","movie","true",,,
"564","movie","true",,,
"584","movie","true",,,
"585","movie","true",,,
"594","movie","true",,,
"597","movie","true",,,
"603","movie","true",,,
"604","movie","true",,,
"605","movie","true",,,
"607","movie","true",,,
"608","movie","true",,,
"612","movie","true",,,
"640","movie","true",,,
"652","movie","true",,,
"671","movie","true",,,
"672","movie","true",,,
"673","movie","true",,,
"674","movie","true",,,
"675","movie","true",,,
"680","movie","true",,,
"744","movie","true",,,
"745","movie","true",,,
"767","movie","true",,,
"771","movie","true",,,
"772","movie","true",,,
"783","movie","true",,,
"787","movie","true",,,
"807","movie","true",,,
"808","movie","true",,,
"809","movie","true",,,
"810","movie","true",,,
"812","movie","true",,,
"853","movie","true",,,
"854","movie","true",,,
"862","movie","true",,,
"863","movie","true",,,
"881","movie","true",,,
"890","tv","false",,,
"920","movie","true",,,
"950","movie","true",,,
"953","movie","true",,,
"954","movie","true",,,
"955","movie","true",,,
"956","movie","true",,,
"1124","movie","true",,,
"1246","movie","true",,,
"1250","movie","true",,,
"1268","movie","true",,,
"1271","movie","true",,,
"1278","movie","true",,,
"1281","movie","true",,,
"1359","movie","true",,,
"1364","movie","true",,,
"1366","movie","true",,,
"1367","movie","true",,,
"1368","movie","true",,,
"1369","movie","true",,,
"1371","movie","true",,,
"1372","movie","true",,,
"1374","movie","true",,,
"1375","movie","true",,,
"1396","tv","false",,,
"1399","tv","false",,,
"1402","movie","true",,"/lBYOKAMcxIvuk9s9hMuecB9dPBV.jpg",
"1422","movie","true",,,
"1429","tv","false",,,
"1434","tv","false",,,
"1452","movie","true",,,
"1487","movie","true",,,
"1491","movie","true",,,
"1571","movie","true",,,
"1581","movie","true",,,
"1584","movie","true",,,
"1587","movie","true",,,
"1593","movie","true",,,
"1624","movie","true",,,
"1635","movie","true",,,
"1637","movie","true",,,
"1639","movie","true",,,
"1668","tv","false",,,
"1724","movie","true",,,
"1726","movie","true",,,
"1729","movie","true",,,
"1734","movie","true",,,
"1738","movie","true",,,
"1771","movie","true",,,
"1824","movie","true",,,
"1858","movie","true",,,
"1865","movie","true",,,
"1885","movie","true",,,
"1891","movie","true",,,
"1892","movie","true",,,
"1893","movie","true",,,
"1894","movie","true",,,
"1895","movie","true",,,
"1902","movie","true",,,
"1903","movie","true",,,
"1907","movie","true",,,
"1930","movie","true",,,
"1949","movie","true",,,
"1979","movie","true",,,
"1995","movie","true",,,
"2048","movie","true",,,
"2062","movie","true",,,
"2080","movie","true",,,
"2086","movie","true",,,
"2105","movie","true",,,
"2108","movie","true",,,
"2109","movie","true",,,
"2119","movie","true",,,
"2251","movie","true",,,
"2253","movie","true",,,
"2268","movie","true",,,
"2316","tv","false",,,
"2355","movie","true",,,
"2501","movie","true",,,
"2502","movie","true",,,
"2503","movie","true",,,
"2567","movie","true",,,
"2698","movie","true",,,
"2770","movie","true",,,
"3021","movie","true",,,
"3049","movie","true",,,
"3638","movie","true",,,
"3981","movie","true",,,
"4141","movie","true",,,
"4157","movie","true",,,
"4252","movie","true",,,
"4253","movie","true",,,
"4254","movie","true",,,
"4327","movie","true",,,
"4347","movie","true",,,
"4421","movie","true",,,
"4435","movie","true",,,
"4507","movie","true",,,
"4553","movie","true",,,
"4686","tv","false",,,
"4922","movie","true",,,
"4964","movie","true",,,
"5174","movie","true",,,
"5175","movie","true",,,
"5236","movie","true",,,
"5255","movie","true",,,
"5319","movie","true",,,
"5559","movie","true",,,
"5915","movie","true",,,
"6038","movie","true",,,
"6479","movie","true",,,
"6795","movie","true",,,
"6957","movie","true",,,
"7214","movie","true",,,
"7445","movie","true",,,
"7485","movie","true",,,
"7508","movie","true",,,
"7913","movie","true",,,
"8079","movie","true",,,
"8273","movie","true",,,
"8274","movie","true",,,
"8275","movie","true",,,
"8277","movie","true",,,
"8328","movie","true",,,
"8355","movie","true",,,
"8358","movie","true",,,
"8363","movie","true",,,
"8390","movie","true",,,
"8453","movie","true",,,
"8456","movie","true",,,
"8488","movie","true",,,
"8489","movie","true",,,
"8584","movie","true",,,
"8587","movie","true",,,
"8681","movie","true",,,
"8697","movie","true",,,
"8699","movie","true",,,
"8844","movie","true",,,
"8909","movie","true",,,
"8914","movie","true",,,
"8960","movie","true",,,
"8961","movie","true",,,
"8966","movie","true",,,
"8982","movie","true",,,
"9029","movie","true",,,
"9273","movie","true",,,
"9286","movie","true",,,
"9291","movie","true",,,
"9316","movie","true",,,
"9339","movie","true",,,
"9346","movie","true",,,
"9352","movie","true",,,
"9354","movie","true",,,
"9358","movie","true",,,
"9360","movie","true",,,
"9362","movie","true",,,
"9383","movie","true",,,
"9390","movie","true",,,
"9461","movie","true",,,
"9470","movie","true",,,
"9471","movie","true",,,
"9480","movie","true",,,
"9486","movie","true",,,
"9487","movie","true",,,
"9502","movie","true",,,
"9532","movie","true",,,
"9615","movie","true",,,
"9620","movie","true",,,
"9637","movie","true",,,
"9654","movie","true",,,
"9714","movie","true",,,
"9732","movie","true",,,
"9738","movie","true",,,
"9762","movie","true",,,
"9763","movie","true",,,
"9766","movie","true",,,
"9788","movie","true",,,
"9798","movie","true",,,
"9799","movie","true",,,
"9802","movie","true",,,
"9806","movie","true",,,
"9815","movie","true",,,
"9836","movie","true",,,
"9837","movie","true",,,
"9928","movie","true",,,
"10025","movie","true",,,
"10054","movie","true",,,
"10137","movie","true",,,
"10138","movie","true",,,
"10159","movie","true",,,
"10191","movie","true",,,
"10192","movie","true",,,
"10193","movie","true",,,
"10195","movie","true",,,
"10196","movie","true",,,
"10201","movie","true",,,
"10202","movie","true",,,
"10204","movie","true",,,
"10229","movie","true",,"/Apfl28wg3eHmz9REPHiyFVR5L5u.jpg",
"10358","movie","true",,,
"10474","movie","true",,,
"10494","movie","true",,,
"10527","movie","true",,,
"10528","movie","true",,,
"10567","movie","true",,,
"10591","movie","true",,,
"10603","movie","true",,,
"10610","movie","true",,,
"10661","movie","true",,,
"10663","movie","true",,,
"10681","movie","true",,,
"10757","movie","true",,,
"10771","movie","true",,,
"10788","movie","true",,,
"10796","movie","true",,,
"10867","movie","true",,,
"10897","movie","true",,,
"10923","movie","true",,,
"10947","movie","true",,,
"10996","movie","true",,,
"11011","movie","true",,,
"11036","movie","true",,,
"11090","movie","true",,,
"11162","movie","true",,,
"11230","movie","true",,,
"11237","movie","true",,,
"11238","movie","true",,,
"11253","movie","true",,,
"11282","movie","true",,,
"11299","movie","true",,,
"11321","movie","true",,,
"11324","movie","true",,,
"11358","movie","true",,,
"11425","movie","true",,,
"11430","movie","true",,,
"11451","movie","true",,,
"11452","movie","true",,,
"11459","movie","true",,,
"11518","movie","true",,,
"11636","movie","true",,,
"11652","movie","true",,,
"11665","movie","true",,,
"11678","movie","true",,,
"11713","movie","true",,,
"11763","movie","true",,,
"11770","movie","true",,,
"11807","movie","true",,,
"11841","movie","true",,,
"11852","movie","true",,,
"11854","movie","true",,,
"11918","movie","true",,,
"11970","movie","true",,,
"12113","movie","true",,,
"12207","movie","true",,,
"12222","movie","true",,,
"12259","movie","true",,,
"12273","movie","true",,,
"12279","movie","true",,,
"12405","movie","true",,,
"12444","movie","true",,,
"12445","movie","true",,,
"12477","movie","true",,,
"12536","movie","true",,,
"12971","tv","false",,,
"13053","movie","true",,,
"13151","movie","true",,,
"13186","movie","true",,,
"13335","movie","true",,,
"13363","movie","true",,,
"13466","movie","true",,,
"13474","movie","true",,,
"13475","movie","true",,,
"13680","movie","true",,,
"13804","movie","true",,,
"13809","movie","true",,,
"13916","tv","false",,,
"13929","movie","true",,,
"13986","movie","true",,,
"14069","movie","true",,,
"14070","movie","true",,,
"14071","movie","true",,,
"14072","movie","true",,,
"14073","movie","true",,,
"14134","movie","true",,,
"14160","movie","true",,,
"14161","movie","true",,,
"14162","movie","true",,,
"14163","movie","true",,,
"14165","movie","true",,,
"14193","movie","true",,,
"14194","movie","true",,,
"14214","movie","true",,,
"14292","movie","true",,,
"14337","movie","true",,,
"14347","movie","true",,,
"14395","movie","true",,,
"14467","movie","true",,,
"14546","movie","true",,,
"14560","movie","true",,,
"14750","movie","true",,,
"14752","movie","true",,,
"14756","movie","true",,,
"14869","movie","true",,,
"15084","movie","true",,,
"15255","movie","true",,,
"15359","movie","true",,,
"15467","movie","true",,,
"15512","movie","true",,,
"15657","movie","true",,,
"15772","movie","true",,,
"15774","movie","true",,,
"15775","movie","true",,,
"15859","movie","true",,,
"15864","movie","true",,,
"15917","movie","true",,,
"15969","movie","true",,,
"15974","movie","true",,,
"15978","movie","true",,,
"16283","movie","true",,,
"16345","movie","true",,,
"16353","movie","true",,,
"16566","movie","true",,,
"16576","movie","true",,,
"16577","movie","true",,,
"16617","movie","true",,,
"16987","movie","true",,,
"16996","movie","true",,,
"17047","movie","true",,,
"17124","movie","true",,,
"17336","movie","true",,,
"17478","movie","true",,,
"17501","movie","true",,,
"17578","movie","true",,,
"18126","movie","true",,,
"18239","movie","true",,,
"18240","movie","true",,,
"18360","movie","true",,,
"18555","movie","true",,,
"18610","movie","true",,,
"18673","movie","true",,,
"18785","movie","true",,,
"18875","movie","true",,,
"19025","movie","true",,,
"19139","movie","true",,,
"19263","movie","true",,,
"19404","movie","true",,,
"19616","movie","true",,,
"19620","movie","true",,,
"19623","movie","true",,,
"19624","movie","true",,,
"19625","movie","true",,,
"19636","movie","true",,,
"19637","movie","true",,,
"19657","movie","true",,,
"19658","movie","true",,,
"19663","movie","true",,,
"19666","movie","true",,,
"19669","movie","true",,,
"19670","movie","true",,,
"19672","movie","true",,,
"19885","tv","false",,,
"19899","movie","true",,,
"19908","movie","true",,,
"19912","movie","true",,,
"19913","movie","true",,,
"19995","movie","true",,,
"20002","movie","true",,,
"20132","movie","true",,,
"20145","movie","true",,,
"20290","movie","true",,,
"20294","movie","true",,,
"20352","movie","true",,,
"20359","movie","true",,,
"20360","movie","true",,,
"20390","movie","true",,,
"20413","movie","true",,,
"20453","movie","true",,,
"20493","movie","true",,,
"20495","movie","true",,,
"20526","movie","true",,,
"20656","movie","true",,,
"20688","movie","true",,,
"20742","movie","true",,,
"20832","movie","true",,,
"20856","movie","true",,,
"20917","movie","true",,,
"20931","movie","true",,,
"20971","movie","true",,,
"21175","movie","true",,,
"21184","movie","true",,,
"21297","movie","true",,,
"21461","movie","true",,,
"21614","movie","true",,,
"21665","movie","true",,,
"21832","movie","true",,,
"21982","movie","true",,,
"22315","movie","true",,,
"22538","movie","true",,,
"22609","movie","true",,,
"22717","movie","true",,,
"22794","movie","true",,,
"22881","movie","true",,,
"22954","movie","true",,,
"22971","movie","true",,,
"23172","movie","true",,,
"23483","movie","true",,,
"24021","movie","true",,,
"24428","movie","true",,,
"24595","movie","true",,,
"24603","movie","true",,,
"24752","movie","true",,,
"24827","movie","true",,,
"24864","movie","true",,,
"25100","movie","true",,,
"25516","movie","true",,,
"25642","movie","true",,,
"25867","movie","true",,,
"25868","movie","true",,,
"25869","movie","true",,,
"25937","movie","true",,,
"26022","movie","true",,,
"26123","movie","true",,,
"26153","movie","true",,,
"26277","movie","true",,,
"26379","movie","true",,,
"26815","movie","true",,,
"27205","movie","true",,,
"27298","movie","true",,,
"27573","movie","true",,,
"27576","movie","true",,,
"27578","movie","true",,,
"27581","movie","true",,,
"27964","movie","true",,,
"28178","movie","true",,,
"28211","movie","true",,,
"28609","movie","true",,,
"29988","movie","true",,,
"30695","movie","true",,,
"30886","movie","true",,,
"30981","tv","false",,,
"30991","tv","false",,,
"31524","movie","true",,,
"31897","movie","true",,,
"31910","tv","false",,,
"31911","tv","false",,,
"31977","movie","true",,,
"31983","movie","true",,,
"32740","movie","true",,,
"32856","movie","true",,,
"33202","movie","true",,,
"33206","movie","true",,,
"33217","movie","true",,,
"33457","movie","true",,,
"33880","tv","false",,,
"34016","movie","true",,,
"34144","movie","true",,,
"34384","movie","true",,,
"34418","movie","true",,,
"34433","movie","true",,,
"34544","movie","true",,,
"34764","movie","true",,,
"35053","movie","true",,,
"35064","movie","true",,,
"35690","movie","true",,,
"35791","movie","true",,,
"36557","movie","true",,,
"36657","movie","true",,,
"36658","movie","true",,,
"36668","movie","true",,,
"37135","movie","true",,,
"37165","movie","true",,,
"37233","movie","true",,,
"37460","movie","true",,,
"37472","movie","true",,,
"37724","movie","true",,,
"37725","movie","true",,,
"37735","movie","true",,,
"37737","movie","true",,,
"37797","movie","true",,,
"37799","movie","true",,,
"37822","movie","true",,,
"37834","movie","true",,,
"37950","movie","true",,,
"37951","movie","true",,,
"38055","movie","true",,,
"38142","movie","true",,,
"38199","movie","true",,,
"38234","movie","true",,,
"38365","movie","true",,,
"38542","movie","true",,,
"38575","movie","true",,,
"38700","movie","true",,,
"38745","movie","true",,,
"38757","movie","true",,,
"39100","movie","true",,,
"39101","movie","true",,,
"39102","movie","true",,,
"39103","movie","true",,,
"39104","movie","true",,,
"39105","movie","true",,,
"39107","movie","true",,,
"39108","movie","true",,,
"39204","movie","true",,,
"39217","movie","true",,,
"39254","movie","true",,,
"39323","movie","true",,,
"39324","movie","true",,,
"39347","movie","true",,,
"39538","movie","true",,,
"39839","movie","true",,,
"40264","movie","true",,,
"40424","tv","false",,,
"40777","movie","true",,,
"40805","movie","true",,,
"40807","movie","true",,,
"41109","movie","true",,,
"41154","movie","true",,,
"41188","movie","true",,,
"41233","movie","true",,,
"41283","movie","true",,,
"41511","movie","true",,,
"41517","movie","true",,,
"41518","movie","true",,,
"41630","movie","true",,,
"41733","movie","true",,,
"41847","movie","true",,,
"41902","movie","true",,,
"42509","tv","false",,,
"42589","tv","false",,,
"42705","tv","false",,,
"42966","movie","true",,,
"43074","movie","true",,,
"43209","movie","true",,,
"43347","movie","true",,,
"43410","movie","true",,,
"43593","movie","true",,,
"43865","tv","false",,,
"44115","movie","true",,,
"44214","movie","true",,,
"44363","movie","true",,,
"44425","movie","true",,,
"44565","movie","true",,,
"44566","movie","true",,,
"44613","movie","true",,,
"44749","movie","true",,,
"44896","movie","true",,,
"44912","movie","true",,,
"44977","movie","true",,,
"44978","movie","true",,,
"45243","movie","true",,,
"45269","movie","true",,,
"45316","movie","true",,,
"45317","movie","true",,,
"45612","movie","true",,,
"45783","tv","false",,,
"45950","tv","false","/u8QK47ttafn3iYox9o1dKyEEhcv.jpg",,
"45997","tv","false",,,
"45998","tv","false",,,
"46040","movie","true",,,
"46195","movie","true",,,
"46260","tv","false",,,
"46298","tv","false",,,
"46387","movie","true",,,
"46403","movie","true",,,
"46406","movie","true",,,
"46418","movie","true",,,
"46423","movie","true",,,
"46671","tv","false",,,
"47655","movie","true",,,
"47933","movie","true",,,
"47964","movie","true",,,
"47971","movie","true",,,
"48138","movie","true",,,
"48650","movie","true",,,
"48988","movie","true",,,
"49013","movie","true",,,
"49018","movie","true",,,
"49026","movie","true",,,
"49047","movie","true",,,
"49444","movie","true",,,
"49518","movie","true",,,
"49519","movie","true",,,
"49521","movie","true",,,
"49526","movie","true",,,
"49530","movie","true",,,
"49538","movie","true",,,
"49679","movie","true",,,
"50099","movie","true",,,
"50544","movie","true",,,
"50619","movie","true",,,
"50620","movie","true",,,
"50646","movie","true",,,
"51216","movie","true",,,
"51497","movie","true",,,
"51540","movie","true",,,
"51728","movie","true",,,
"51739","movie","true",,,
"51828","movie","true",,,
"51876","movie","true",,,
"52449","movie","true",,,
"52696","movie","true",,,
"53182","movie","true",,,
"53299","movie","true",,,
"54138","movie","true",,,
"54814","movie","true",,,
"55386","movie","true",,,
"55779","movie","true",,,
"56292","movie","true",,,
"56338","movie","true",,,
"56534","movie","true",,,
"56969","movie","true",,,
"56998","tv","false",,,
"57214","movie","true",,,
"57800","movie","true",,,
"58046","movie","true",,,
"58051","movie","true",,,
"58128","movie","true",,,
"58224","movie","true",,,
"58233","movie","true",,,
"58302","movie","true",,,
"58574","movie","true",,,
"59267","movie","true",,,
"59436","movie","true",,,
"59859","movie","true",,,
"59861","movie","true",,,
"59965","movie","true",,,
"59967","movie","true",,,
"60307","movie","true",,,
"60308","movie","true",,,
"60625","tv","false",,,
"60735","tv","false",,,
"60863","tv","false",,,
"61182","movie","true",,,
"61202","movie","true",,,
"61374","tv","false",,,
"61400","movie","true",,,
"61459","tv","false",,,
"61663","tv","false",,,
"61664","tv","false",,,
"61791","movie","true",,,
"62211","movie","true",,,
"62640","tv","false",,,
"62715","tv","false",,,
"62883","movie","true",,,
"63006","movie","true",,,
"63180","tv","false",,,
"63492","movie","true",,,
"63926","tv","false",,,
"64464","tv","false",,,
"64682","movie","true",,,
"64688","movie","true",,,
"64690","movie","true",,,
"64706","tv","false",,,
"65249","tv","false",,,
"65329","tv","false",,,
"65521","movie","true",,,
"65683","movie","true",,,
"65754","movie","true",,,
"65930","tv","false",,,
"65946","movie","true",,,
"66732","tv","false",,,
"66788","tv","false",,"/evm18JByNP4d0xUkVRdLEFV0zhs.jpg",
"67043","tv","false",,,
"67109","movie","true",,,
"67389","tv","false",,,
"68256","movie","true",,,
"68421","tv","false",,"/rjsah5QH0egASBWBG8zh6pbLQ6V.jpg",
"68721","movie","true",,,
"68724","movie","true",,,
"68726","movie","true",,,
"68728","movie","true",,,
"69710","tv","false",,,
"69891","movie","true",,,
"70006","movie","true",,,
"70523","tv","false",,,
"70590","movie","true",,,
"70880","tv","false",,,
"71446","tv","false",,,
"71469","movie","true",,,
"71552","movie","true",,,
"71676","movie","true",,,
"71883","movie","true",,,
"71920","movie","true",,,
"72105","movie","true",,,
"72190","movie","true",,,
"72296","tv","false",,,
"72545","movie","true",,,
"72559","movie","true",,,
"72570","movie","true",,,
"72784","movie","true",,,
"73223","tv","false",,,
"73582","movie","true",,,
"74458","movie","true",,,
"74481","movie","true",,,
"75174","movie","true",,,
"75612","movie","true",,,
"75656","movie","true",,,
"75745","movie","true",,,
"75780","movie","true",,,
"75865","tv","false",,,
"75896","movie","true",,,
"75986","tv","false",,,
"76163","movie","true",,,
"76170","movie","true","/bsVrSbbupHT6Xv5em2WtRMOwSsx.jpg",,
"76338","movie","true",,,
"76479","tv","false",,,
"76493","movie","true",,,
"76600","movie","true",,,
"76617","movie","true",,,
"76659","tv","false",,,
"76684","movie","true",,,
"77877","movie","true",,,
"77930","movie","true",,,
"77939","tv","false",,,
"77950","movie","true",,,
"78102","tv","false",,,
"78442","movie","true",,,
"79141","tv","false",,,
"79166","tv","false",,"/ii1yrluzWisy1rygSKz8lJkAkil.jpg",
"79352","tv","false",,,
"79464","movie","true",,,
"79696","tv","false",,,
"79707","movie","true",,,
"79990","movie","true",,,
"80274","movie","true",,,
"80321","movie","true",,,
"80741","movie","true",,,
"81046","tv","false",,,
"81188","movie","true",,,
"82650","movie","true",,,
"82654","movie","true",,,
"82675","movie","true",,,
"82690","movie","true",,,
"82696","tv","false",,,
"82698","movie","true",,,
"82700","movie","true",,,
"82702","movie","true",,,
"82825","movie","true",,,
"82992","movie","true",,,
"83097","tv","false",,,
"83902","movie","true",,,
"84105","tv","false",,,
"84150","tv","false","/yE03wSLj5TkNY8NFbiYbyXkT6fk.jpg",,
"84199","movie","true",,,
"84454","tv","false",,,
"84533","movie","true",,,
"84858","movie","true",,,
"84892","movie","true",,,
"84958","tv","false",,,
"85043","movie","true",,,
"85050","movie","true",,,
"85052","movie","true",,,
"85271","tv","false",,,
"85446","movie","true",,,
"85985","movie","true",,,
"86000","movie","true",,,
"86004","movie","true",,,
"86834","movie","true",,,
"87030","tv","false",,,
"87101","movie","true",,,
"87428","movie","true",,,
"87492","movie","true",,,
"87827","movie","true",,,
"88396","tv","false",,,
"88751","movie","true",,,
"88803","tv","false",,,
"89113","tv","false",,,
"91314","movie","true",,,
"91363","tv","false",,,
"91586","movie","true",,,
"92783","tv","false",,,
"93352","tv","false",,,
"93405","tv","false",,,
"93456","movie","true",,,
"93519","movie","true",,,
"94605","tv","false",,,
"95479","tv","false",,,
"95557","tv","false",,,
"96398","movie","true",,,
"96421","tv","false",,,
"96721","movie","true",,,
"97370","movie","true",,,
"98548","movie","true",,,
"98566","movie","true",,,
"98575","tv","false",,,
"99861","movie","true",,,
"100088","tv","false",,,
"100402","movie","true",,,
"102382","movie","true",,,
"102632","movie","true",,,
"102651","movie","true",,,
"102899","movie","true",,,
"103243","movie","true",,,
"103640","movie","true",,,
"105248","tv","false",,,
"105864","movie","true",,,
"106646","movie","true",,,
"107548","movie","true",,,
"107846","movie","true",,,
"109414","movie","true",,,
"109418","movie","true",,,
"109428","movie","true",,,
"109439","movie","true",,,
"109443","movie","true",,,
"109445","movie","true",,,
"110415","movie","true",,,
"110420","movie","true",,,
"111188","tv","false",,,
"112936","movie","true",,,
"113367","tv","false",,,
"114150","movie","true",,,
"115124","movie","true",,,
"115782","movie","true",,,
"116149","movie","true",,,
"116711","movie","true",,,
"116741","movie","true",,,
"117251","movie","true",,,
"117691","movie","true",,,
"118032","movie","true",,,
"118051","movie","true",,,
"118340","movie","true",,,
"118628","movie","true",,,
"119051","tv","false",,,
"119279","tv","false",,,
"119450","movie","true",,,
"120089","tv","false",,,
"120942","movie","true",,,
"121856","movie","true",,,
"122081","movie","true",,,
"122126","movie","true",,,
"122906","movie","true",,,
"124411","tv","false",,,
"126400","movie","true",,,
"126963","movie","true",,,
"127380","movie","true",,,
"127501","movie","true",,,
"127531","movie","true",,,
"127585","movie","true",,,
"128246","movie","true",,,
"131041","tv","false",,,
"131940","movie","true",,,
"132117","tv","false",,,
"132316","movie","true",,,
"132344","movie","true",,,
"132744","movie","true",,,
"134374","movie","true",,,
"134411","movie","true",,,
"135397","movie","true",,,
"135670","tv","false",,,
"135718","movie","true",,,
"136795","movie","true",,,
"136797","movie","true",,,
"137094","movie","true",,,
"137106","movie","true",,,
"137113","movie","true",,,
"137116","movie","true",,,
"138103","movie","true",,,
"138122","movie","true",,,
"138697","movie","true",,,
"138832","movie","true",,,
"138843","movie","true",,,
"139357","movie","true",,,
"139521","movie","true",,,
"140300","movie","true",,,
"140607","movie","true",,,
"140896","movie","true",,,
"141052","movie","true",,,
"141139","movie","true",,,
"146233","movie","true",,,
"147405","movie","true",,,
"147767","movie","true",,,
"148284","movie","true",,,
"150540","movie","true",,,
"150689","movie","true",,,
"151960","movie","true",,,
"152584","movie","true","/kMs1TGL1z2ckbrEojx1YGGeKisO.jpg",,
"153518","movie","true",,,
"156288","movie","true",,,
"157129","movie","true",,,
"157293","movie","true",,,
"157336","movie","true",,,
"157800","movie","true",,,
"159434","movie","true",,,
"159666","movie","true",,,
"161221","movie","true",,,
"161436","movie","true",,,
"165402","movie","true",,,
"165404","movie","true",,,
"165904","movie","true",,,
"166027","movie","true",,,
"166424","movie","true",,,
"166426","movie","true",,,
"166428","movie","true",,,
"168114","movie","true",,,
"168259","movie","true",,,
"168530","movie","true",,,
"168672","movie","true",,,
"169917","movie","true",,,
"171767","movie","true",,,
"171879","movie","true",,,
"172385","movie","true",,,
"177358","movie","true",,,
"177572","movie","true",,,
"177677","movie","true",,,
"179711","movie","true",,,
"181462","movie","true",,,
"181533","movie","true",,,
"181808","movie","true",,,
"181886","movie","true",,,
"183011","movie","true",,,
"184315","movie","true",,,
"184341","movie","true",,,
"185008","movie","true",,,
"185640","movie","true",,,
"187017","movie","true",,,
"188927","movie","true",,,
"190859","movie","true",,,
"191562","movie","true",,,
"191726","movie","true",,,
"192558","movie","true",,,
"193610","movie","true",,,
"194662","movie","true",,,
"195589","movie","true",,,
"198184","movie","true",,,
"198185","movie","true",,,
"198375","movie","true",,,
"198663","movie","true",,,
"199584","movie","true",,,
"204435","movie","true",,,
"205022","movie","true",,,
"205587","movie","true",,,
"205596","movie","true",,,
"206324","movie","true",,"/bXywc0CEzS1fIshPWWi4V8A58U3.jpg",
"206487","movie","true",,,
"206647","movie","true",,,
"207703","movie","true",,,
"207932","movie","true",,,
"208036","movie","true",,,
"208540","movie","true",,,
"209112","movie","true",,,
"210577","movie","true",,,
"210955","tv","false",,,
"212778","movie","true",,,
"214756","movie","true",,,
"215776","movie","true",,,
"216015","movie","true",,,
"217993","movie","true",,,
"218779","movie","true",,,
"218898","movie","true",,,
"220289","movie","true",,,
"220714","movie","true",,,
"222430","movie","true",,,
"222935","movie","true",,,
"222936","movie","true",,,
"225565","movie","true",,,
"225574","movie","true",,,
"225745","movie","true",,,
"227159","movie","true",,,
"227306","movie","true",,,
"228150","movie","true",,,
"228205","movie","true",,,
"228355","movie","true",,,
"228967","movie","true",,,
"228970","movie","true",,,
"235984","movie","true",,,
"238215","movie","true",,,
"240614","movie","true",,,
"240832","movie","true",,,
"241554","movie","true",,,
"243683","movie","true",,,
"244237","movie","true",,,
"244786","movie","true",,,
"245706","movie","true",,,
"245891","movie","true",,,
"246655","movie","true",,,
"247645","movie","true",,,
"251626","movie","true",,,
"252841","movie","true",,,
"254128","movie","true",,,
"254418","movie","true",,,
"254470","movie","true",,,
"255709","movie","true",,,
"256040","movie","true",,,
"256591","movie","true",,,
"256968","movie","true",,,
"257088","movie","true",,,
"257091","movie","true",,,
"257211","movie","true",,,
"257344","movie","true",,,
"257445","movie","true",,,
"257475","movie","true",,,
"258230","movie","true",,,
"259399","movie","true",,,
"259693","movie","true",,,
"259720","movie","true",,,
"260346","movie","true",,,
"260513","movie","true",,,
"260514","movie","true",,,
"262500","movie","true",,,
"262903","movie","true",,,
"263115","movie","true",,,
"263472","movie","true",,,
"264085","movie","true",,,
"264660","movie","true",,,
"266856","movie","true",,,
"267860","movie","true",,,
"268860","movie","true",,,
"268896","movie","true",,,
"269149","movie","true",,,
"270946","movie","true",,,
"271110","movie","true",,,
"271200","movie","true",,,
"271709","movie","true",,,
"273505","movie","true",,,
"273886","movie","true",,,
"274855","movie","true",,,
"274857","movie","true",,,
"274870","movie","true",,,
"275269","movie","true",,,
"276928","movie","true",,,
"276935","movie","true",,,
"277090","movie","true",,,
"277229","movie","true",,,
"277432","movie","true",,,
"277547","movie","true",,,
"277834","movie","true",,,
"278154","movie","true",,,
"278236","movie","true",,,
"278347","movie","true",,,
"278927","movie","true",,,
"280690","movie","true",,,
"280795","movie","true",,,
"281338","movie","true",,,
"281957","movie","true",,,
"282035","movie","true",,,
"283201","movie","true",,,
"283350","movie","true",,,
"283589","movie","true",,,
"283995","movie","true",,,
"284052","movie","true",,,
"284053","movie","true",,,
"284054","movie","true",,,
"284288","movie","true",,,
"285783","movie","true",,,
"285803","movie","true",,,
"286217","movie","true",,,
"286554","movie","true",,,
"286565","movie","true",,,
"287947","movie","true",,,
"290098","movie","true",,,
"290859","movie","true",,,
"291154","movie","true",,,
"291157","movie","true",,,
"291270","movie","true",,,
"291805","movie","true",,,
"291870","movie","true",,,
"293167","movie","true",,,
"293660","movie","true",,,
"293863","movie","true",,,
"294254","movie","true",,,
"295693","movie","true",,,
"296096","movie","true",,,
"296099","movie","true",,,
"296524","movie","true",,,
"297019","movie","true",,,
"297222","movie","true",,,
"297556","movie","true",,,
"297761","movie","true",,,
"297762","movie","true",,,
"297802","movie","true",,,
"298618","movie","true",,,
"299534","movie","true",,,
"299536","movie","true",,,
"299537","movie","true",,,
"299687","movie","true",,,
"300669","movie","true",,,
"301337","movie","true",,,
"301687","movie","true",,,
"302699","movie","true",,,
"302946","movie","true",,,
"303857","movie","true",,,
"303904","movie","true",,,
"304274","movie","true",,,
"305470","movie","true",,,
"307081","movie","true",,,
"308165","movie","true",,,
"308266","movie","true",,,
"308531","movie","true",,,
"310131","movie","true",,,
"311324","movie","true",,,
"312221","movie","true",,,
"313297","movie","true",,,
"313369","movie","true",,,
"314389","movie","true",,,
"315635","movie","true",,,
"315837","movie","true",,,
"316023","movie","true",,,
"316029","movie","true",,,
"316654","movie","true",,,
"316900","movie","true",,,
"319888","movie","true",,,
"320288","movie","true",,,
"321487","movie","true",,,
"321697","movie","true",,,
"321741","movie","true",,,
"323426","movie","true",,,
"323517","movie","true",,,
"323675","movie","true",,,
"323677","movie","true",,,
"324552","movie","true",,,
"324668","movie","true",,,
"324786","movie","true",,,
"324849","movie","true",,,
"324852","movie","true",,,
"324857","movie","true",,,
"325133","movie","true",,,
"325358","movie","true",,,
"326359","movie","true",,,
"327796","movie","true",,,
"328111","movie","true",,,
"329865","movie","true",,,
"330037","movie","true",,,
"330431","movie","true",,,
"330459","movie","true",,,
"332562","movie","true",,,
"332567","movie","true",,,
"332718","movie","true",,,
"332835","movie","true",,,
"333339","movie","true",,,
"333371","movie","true",,,
"334376","movie","true",,,
"334543","movie","true",,,
"335983","movie","true",,,
"335984","movie","true",,,
"336011","movie","true",,,
"336211","movie","true",,,
"336790","movie","true",,,
"336843","movie","true",,,
"337167","movie","true",,,
"337170","movie","true",,,
"337339","movie","true",,,
"337876","movie","true",,,
"338065","movie","true",,,
"338967","movie","true",,,
"339274","movie","true",,,
"339367","movie","true",,,
"339403","movie","true",,,
"339404","movie","true",,,
"339846","movie","true",,,
"339927","movie","true",,,
"340666","movie","true",,,
"340676","movie","true",,,
"341174","movie","true",,,
"342473","movie","true",,,
"343611","movie","true",,,
"343668","movie","true",,,
"345920","movie","true",,,
"345940","movie","true",,,
"346364","movie","true",,,
"346648","movie","true",,,
"348350","movie","true",,,
"348892","movie","true",,,
"348893","movie","true",,,
"350312","movie","true",,,
"351286","movie","true",,,
"351460","movie","true",,,
"352173","movie","true",,,
"353070","movie","true",,,
"353081","movie","true",,,
"353326","movie","true",,,
"353486","movie","true",,,
"353879","movie","true",,,
"354912","movie","true",,,
"356305","movie","true",,,
"357563","movie","true",,,
"359724","movie","true",,,
"360814","movie","true",,,
"361743","movie","true",,,
"362045","movie","true",,,
"362136","movie","true",,,
"362140","movie","true",,,
"363088","movie","true",,,
"363343","movie","true",,,
"363413","movie","true",,,
"363676","movie","true",,,
"364111","movie","true",,,
"365222","movie","true",,,
"366080","movie","true",,,
"370665","movie","true",,,
"370992","movie","true",,,
"372058","movie","true",,,
"372758","movie","true",,,
"373449","movie","true",,,
"374173","movie","true",,,
"374720","movie","true",,,
"375290","movie","true",,,
"375785","movie","true",,,
"376659","movie","true",,,
"376660","movie","true",,,
"376812","movie","true",,,
"376869","movie","true",,,
"377985","movie","true",,,
"378064","movie","true",,,
"379149","movie","true",,,
"379291","movie","true",,,
"381288","movie","true",,,
"381289","movie","true",,,
"382322","movie","true",,,
"383498","movie","true",,,
"383785","movie","true",,,
"384018","movie","true",,,
"385360","movie","true",,,
"388333","movie","true",,,
"388399","movie","true",,,
"389015","movie","true",,,
"390437","movie","true",,,
"391629","movie","true",,,
"391757","movie","true",,,
"391778","movie","true",,,
"391779","movie","true",,,
"392271","movie","true",,,
"392572","movie","true",,,
"393421","movie","true",,,
"393441","movie","true",,,
"393445","movie","true",,,
"395992","movie","true",,,
"396330","movie","true",,,
"396535","movie","true",,,
"396643","movie","true",,,
"398535","movie","true",,,
"398818","movie","true",,,
"399035","movie","true",,,
"399055","movie","true",,"/vyNMUcdrbWnCSg3evCxuvdKPB5t.jpg",
"399106","movie","true",,,
"399170","movie","true",,,
"399579","movie","true",,,
"399624","movie","true",,"/qLmBAaylw1viiWTjkurgYHz8Y9c.jpg",
"400106","movie","true",,,
"400928","movie","true",,,
"401146","movie","true",,,
"401285","movie","true",,,
"401469","movie","true",,,
"401981","movie","true",,,
"402672","movie","true",,,
"402900","movie","true",,,
"403119","movie","true",,,
"403517","movie","true",,,
"403862","movie","true",,,
"403867","movie","true",,,
"404368","movie","true",,,
"404733","movie","true",,,
"405774","movie","true",,,
"408647","movie","true",,,
"412090","movie","true",,,
"412656","movie","true",,,
"413543","movie","true",,,
"413588","movie","true",,,
"413646","movie","true",,,
"413882","movie","true",,,
"415358","movie","true",,,
"417644","movie","true",,,
"417859","movie","true",,,
"419430","movie","true",,,
"419478","movie","true",,,
"419704","movie","true",,,
"420817","movie","true",,,
"420818","movie","true",,,
"424694","movie","true",,,
"426558","movie","true",,,
"427641","movie","true",,,
"428707","movie","true",,,
"429617","movie","true",,,
"431530","movie","true",,"/7ZUUszQmNcDYrH4LkNi9B21xL4C.jpg",
"431693","movie","true",,,
"431819","movie","true",,,
"432527","movie","true",,,
"433310","movie","true",,,
"438631","movie","true",,,
"440471","movie","true",,,
"440472","movie","true",,,
"441071","movie","true",,,
"441875","movie","true",,,
"441881","movie","true",,,
"441889","movie","true",,,
"441906","movie","true",,,
"441909","movie","true",,,
"442405","movie","true",,,
"444713","movie","true",,,
"445571","movie","true",,,
"446354","movie","true",,,
"446791","movie","true",,,
"447200","movie","true",,,
"447332","movie","true",,,
"447856","movie","true",,,
"449443","movie","true",,,
"451915","movie","true",,,
"453405","movie","true",,,
"454293","movie","true",,,
"454626","movie","true",,,
"455470","movie","true",,,
"455980","movie","true",,,
"456562","movie","true",,,
"456565","movie","true",,,
"456570","movie","true",,,
"456750","movie","true",,,
"456756","movie","true",,,
"458156","movie","true",,,
"460508","movie","true",,,
"460713","movie","true",,,
"461649","movie","true",,,
"463257","movie","true",,,
"463272","movie","true",,,
"465656","movie","true",,,
"466272","movie","true",,,
"466282","movie","true",,,
"469872","movie","true",,,
"470641","movie","true",,,
"472123","movie","true",,,
"472674","movie","true",,,
"475557","movie","true",,,
"476669","movie","true",,,
"478280","movie","true",,,
"478682","movie","true",,,
"480530","movie","true",,,
"482373","movie","true",,,
"483189","movie","true",,,
"486947","movie","true",,,
"487242","movie","true",,,
"490132","movie","true",,,
"491625","movie","true",,,
"491629","movie","true",,,
"493620","movie","true",,,
"496076","movie","true",,,
"496243","movie","true",,,
"496316","movie","true",,,
"496320","movie","true",,,
"496328","movie","true",,,
"496524","movie","true",,,
"496527","movie","true",,,
"497698","movie","true",,,
"498448","movie","true",,,
"500664","movie","true",,,
"503314","movie","true",,,
"503838","movie","true",,,
"504080","movie","true",,,
"504253","movie","true",,,
"505642","movie","true",,,
"508747","movie","true",,,
"509585","movie","true",,,
"512098","movie","true",,,
"512195","movie","true",,,
"512200","movie","true",,,
"514999","movie","true",,,
"515001","movie","true",,,
"520763","movie","true",,,
"522627","movie","true",,,
"522681","movie","true",,,
"522924","movie","true",,,
"527641","movie","true",,,
"527774","movie","true",,,
"529203","movie","true",,,
"531593","movie","true",,,
"531597","movie","true",,,
"532444","movie","true",,,
"533237","movie","true",,,
"533991","movie","true",,,
"534075","movie","true",,,
"534780","movie","true",,,
"537056","movie","true",,,
"537915","movie","true",,,
"545609","movie","true",,,
"545611","movie","true",,,
"546554","movie","true",,,
"550988","movie","true",,,
"553456","movie","true",,,
"553604","movie","true",,,
"554600","movie","true",,,
"564147","movie","true",,,
"564221","movie","true",,,
"566525","movie","true",,,
"567189","movie","true",,,
"568160","movie","true",,,
"569094","movie","true",,,
"569584","movie","true",,,
"575264","movie","true",,,
"576845","movie","true",,,
"577328","movie","true",,,
"578701","movie","true",,,
"581997","movie","true",,,
"584850","movie","true",,,
"585268","movie","true",,,
"588228","movie","true",,,
"592350","movie","true",,,
"596650","movie","true",,,
"597219","movie","true",,,
"597890","movie","true",,,
"599925","movie","true",,,
"602269","movie","true",,,
"603692","movie","true",,,
"606717","movie","true",,,
"613446","movie","true",,,
"614917","movie","true",,,
"614934","movie","true",,,
"616037","movie","true",,,
"617882","movie","true",,,
"619979","movie","true",,,
"620725","movie","true",,,
"634649","movie","true",,,
"640146","movie","true",,,
"645710","movie","true",,,
"658412","movie","true",,,
"661374","movie","true",,,
"667520","movie","true",,,
"668435","movie","true",,,
"672647","movie","true",,,
"677179","movie","true",,,
"679018","movie","true",,,
"679024","movie","true",,,
"680058","movie","true",,,
"694103","movie","true",,,
"695962","movie","true",,,
"695969","movie","true",,,
"697843","movie","true",,,
"718930","movie","true",,,
"723640","movie","true",,,
"730428","movie","true",,,
"736073","movie","true",,,
"736074","movie","true",,,
"744676","movie","true",,,
"759054","movie","true",,,
"766507","movie","true",,,
"767377","movie","true",,,
"774752","movie","true",,,
"787752","movie","true",,,
"798544","movie","true",,,
"801526","movie","true",,,
"810693","movie","true",,,
"827669","movie","true",,,
"828613","movie","true",,,
"894205","movie","true",,,
"913544","movie","true",,,
"1027014","movie","true",,,
